<annotation>
	<folder>redo</folder>
	<filename>$(KGrHqNHJCUFGmtkfJbvBRqOB32k1g__60_57.jpg</filename>
	<path>C:\Users\Kevin\Desktop\sentdexTensorflow\Images\test\redo\$(KGrHqNHJCUFGmtkfJbvBRqOB32k1g__60_57.jpg</path>
	<source>
		<database>Unknown</database>
	</source>
	<size>
		<width>800</width>
		<height>533</height>
		<depth>3</depth>
	</size>
	<segmented>0</segmented>
	<object>
		<name>pliers</name>
		<pose>Unspecified</pose>
		<truncated>0</truncated>
		<difficult>0</difficult>
		<bndbox>
			<xmin>109</xmin>
			<ymin>67</ymin>
			<xmax>673</xmax>
			<ymax>491</ymax>
		</bndbox>
	</object>
</annotation>
