<annotation>
	<folder>Pliers</folder>
	<filename>0006195_stanley-125mm-mini-needle-nose-pliers.jpg</filename>
	<path>C:\Users\Kevin\Desktop\sentdexTensorflow\Images\Pliers\0006195_stanley-125mm-mini-needle-nose-pliers.jpg</path>
	<source>
		<database>Unknown</database>
	</source>
	<size>
		<width>800</width>
		<height>776</height>
		<depth>3</depth>
	</size>
	<segmented>0</segmented>
	<object>
		<name>pliers</name>
		<pose>Unspecified</pose>
		<truncated>0</truncated>
		<difficult>0</difficult>
		<bndbox>
			<xmin>16</xmin>
			<ymin>18</ymin>
			<xmax>780</xmax>
			<ymax>763</ymax>
		</bndbox>
	</object>
</annotation>
