<annotation>
	<folder>Box Wrench</folder>
	<filename>00392_Werkzeugschluessel_Gabel-Maul_38er_ml.jpg</filename>
	<path>C:\Users\Kevin\Desktop\sentdexTensorflow\Images\Box Wrench\00392_Werkzeugschluessel_Gabel-Maul_38er_ml.jpg</path>
	<source>
		<database>Unknown</database>
	</source>
	<size>
		<width>1000</width>
		<height>664</height>
		<depth>3</depth>
	</size>
	<segmented>0</segmented>
	<object>
		<name>wrench</name>
		<pose>Unspecified</pose>
		<truncated>0</truncated>
		<difficult>0</difficult>
		<bndbox>
			<xmin>43</xmin>
			<ymin>78</ymin>
			<xmax>965</xmax>
			<ymax>614</ymax>
		</bndbox>
	</object>
</annotation>
