<annotation>
	<folder>Screwdriver</folder>
	<filename>08e098ec-d63d-4810-957a-26022bc97fb6_1000.jpg</filename>
	<path>C:\Users\Kevin\Desktop\sentdexTensorflow\Images\Screwdriver\08e098ec-d63d-4810-957a-26022bc97fb6_1000.jpg</path>
	<source>
		<database>Unknown</database>
	</source>
	<size>
		<width>1000</width>
		<height>1000</height>
		<depth>3</depth>
	</size>
	<segmented>0</segmented>
	<object>
		<name>screwdriver</name>
		<pose>Unspecified</pose>
		<truncated>0</truncated>
		<difficult>0</difficult>
		<bndbox>
			<xmin>11</xmin>
			<ymin>417</ymin>
			<xmax>997</xmax>
			<ymax>585</ymax>
		</bndbox>
	</object>
</annotation>
