<annotation>
	<folder>Pliers</folder>
	<filename>111901.png</filename>
	<path>C:\Users\Kevin\Desktop\sentdexTensorflow\Images\Pliers\111901.png</path>
	<source>
		<database>Unknown</database>
	</source>
	<size>
		<width>700</width>
		<height>700</height>
		<depth>3</depth>
	</size>
	<segmented>0</segmented>
	<object>
		<name>pliers</name>
		<pose>Unspecified</pose>
		<truncated>0</truncated>
		<difficult>0</difficult>
		<bndbox>
			<xmin>9</xmin>
			<ymin>31</ymin>
			<xmax>679</xmax>
			<ymax>628</ymax>
		</bndbox>
	</object>
</annotation>
