<annotation>
	<folder>redo</folder>
	<filename>1200px-Screw_Driver_display.jpg</filename>
	<path>C:\Users\Kevin\Desktop\sentdexTensorflow\Images\train\redo\1200px-Screw_Driver_display.jpg</path>
	<source>
		<database>Unknown</database>
	</source>
	<size>
		<width>600</width>
		<height>215</height>
		<depth>3</depth>
	</size>
	<segmented>0</segmented>
	<object>
		<name>screwdriver</name>
		<pose>Unspecified</pose>
		<truncated>0</truncated>
		<difficult>0</difficult>
		<bndbox>
			<xmin>76</xmin>
			<ymin>47</ymin>
			<xmax>514</xmax>
			<ymax>195</ymax>
		</bndbox>
	</object>
</annotation>
