<annotation>
	<folder>Box Wrench</folder>
	<filename>1219.jpg</filename>
	<path>C:\Users\Kevin\Desktop\sentdexTensorflow\Images\Box Wrench\1219.jpg</path>
	<source>
		<database>Unknown</database>
	</source>
	<size>
		<width>702</width>
		<height>702</height>
		<depth>3</depth>
	</size>
	<segmented>0</segmented>
	<object>
		<name>wrench</name>
		<pose>Unspecified</pose>
		<truncated>0</truncated>
		<difficult>0</difficult>
		<bndbox>
			<xmin>23</xmin>
			<ymin>277</ymin>
			<xmax>691</xmax>
			<ymax>403</ymax>
		</bndbox>
	</object>
</annotation>
