<annotation>
	<folder>redo</folder>
	<filename>1230101709989_hz_myalibaba_web11_8210.jpg</filename>
	<path>C:\Users\Kevin\Desktop\sentdexTensorflow\Images\train\redo\1230101709989_hz_myalibaba_web11_8210.jpg</path>
	<source>
		<database>Unknown</database>
	</source>
	<size>
		<width>1091</width>
		<height>449</height>
		<depth>3</depth>
	</size>
	<segmented>0</segmented>
	<object>
		<name>wrench</name>
		<pose>Unspecified</pose>
		<truncated>0</truncated>
		<difficult>0</difficult>
		<bndbox>
			<xmin>73</xmin>
			<ymin>50</ymin>
			<xmax>841</xmax>
			<ymax>211</ymax>
		</bndbox>
	</object>
	<object>
		<name>wrench</name>
		<pose>Unspecified</pose>
		<truncated>0</truncated>
		<difficult>0</difficult>
		<bndbox>
			<xmin>172</xmin>
			<ymin>224</ymin>
			<xmax>1034</xmax>
			<ymax>387</ymax>
		</bndbox>
	</object>
</annotation>
