<annotation>
	<folder>Pliers</folder>
	<filename>125400-004-308C8DD9.jpg</filename>
	<path>C:\Users\Kevin\Desktop\sentdexTensorflow\Images\Pliers\125400-004-308C8DD9.jpg</path>
	<source>
		<database>Unknown</database>
	</source>
	<size>
		<width>550</width>
		<height>240</height>
		<depth>3</depth>
	</size>
	<segmented>0</segmented>
	<object>
		<name>pliers</name>
		<pose>Unspecified</pose>
		<truncated>0</truncated>
		<difficult>0</difficult>
		<bndbox>
			<xmin>2</xmin>
			<ymin>15</ymin>
			<xmax>548</xmax>
			<ymax>223</ymax>
		</bndbox>
	</object>
</annotation>
