<annotation>
	<folder>Pliers</folder>
	<filename>13-01-160-knipex-electricians-pliers.jpg</filename>
	<path>C:\Users\Kevin\Desktop\sentdexTensorflow\Images\Pliers\13-01-160-knipex-electricians-pliers.jpg</path>
	<source>
		<database>Unknown</database>
	</source>
	<size>
		<width>750</width>
		<height>750</height>
		<depth>3</depth>
	</size>
	<segmented>0</segmented>
	<object>
		<name>pliers</name>
		<pose>Unspecified</pose>
		<truncated>0</truncated>
		<difficult>0</difficult>
		<bndbox>
			<xmin>26</xmin>
			<ymin>25</ymin>
			<xmax>726</xmax>
			<ymax>721</ymax>
		</bndbox>
	</object>
</annotation>
