<annotation>
	<folder>Pliers</folder>
	<filename>1301160-2__63830__14495.1461698788.jpg</filename>
	<path>C:\Users\Kevin\Desktop\sentdexTensorflow\Images\Pliers\1301160-2__63830__14495.1461698788.jpg</path>
	<source>
		<database>Unknown</database>
	</source>
	<size>
		<width>1063</width>
		<height>1063</height>
		<depth>3</depth>
	</size>
	<segmented>0</segmented>
	<object>
		<name>pliers</name>
		<pose>Unspecified</pose>
		<truncated>0</truncated>
		<difficult>0</difficult>
		<bndbox>
			<xmin>15</xmin>
			<ymin>349</ymin>
			<xmax>1038</xmax>
			<ymax>716</ymax>
		</bndbox>
	</object>
</annotation>
