<annotation>
	<folder>Screwdriver</folder>
	<filename>1350492285-97836800.jpg</filename>
	<path>C:\Users\Kevin\Desktop\sentdexTensorflow\Images\Screwdriver\1350492285-97836800.jpg</path>
	<source>
		<database>Unknown</database>
	</source>
	<size>
		<width>1000</width>
		<height>1000</height>
		<depth>3</depth>
	</size>
	<segmented>0</segmented>
	<object>
		<name>screwdriver</name>
		<pose>Unspecified</pose>
		<truncated>0</truncated>
		<difficult>0</difficult>
		<bndbox>
			<xmin>57</xmin>
			<ymin>182</ymin>
			<xmax>915</xmax>
			<ymax>819</ymax>
		</bndbox>
	</object>
</annotation>
