<annotation>
	<folder>Screwdriver</folder>
	<filename>1350493040-80150800.jpg</filename>
	<path>C:\Users\Kevin\Desktop\sentdexTensorflow\Images\Screwdriver\1350493040-80150800.jpg</path>
	<source>
		<database>Unknown</database>
	</source>
	<size>
		<width>1000</width>
		<height>1000</height>
		<depth>3</depth>
	</size>
	<segmented>0</segmented>
	<object>
		<name>screwdriver</name>
		<pose>Unspecified</pose>
		<truncated>0</truncated>
		<difficult>0</difficult>
		<bndbox>
			<xmin>40</xmin>
			<ymin>138</ymin>
			<xmax>988</xmax>
			<ymax>826</ymax>
		</bndbox>
	</object>
</annotation>
