<annotation>
	<folder>Screwdriver</folder>
	<filename>14b873a6e3d1edd2eb953deb058d1cb0.jpg</filename>
	<path>C:\Users\Kevin\Desktop\sentdexTensorflow\Images\Screwdriver\14b873a6e3d1edd2eb953deb058d1cb0.jpg</path>
	<source>
		<database>Unknown</database>
	</source>
	<size>
		<width>1200</width>
		<height>1200</height>
		<depth>3</depth>
	</size>
	<segmented>0</segmented>
	<object>
		<name>screwdriver</name>
		<pose>Unspecified</pose>
		<truncated>0</truncated>
		<difficult>0</difficult>
		<bndbox>
			<xmin>13</xmin>
			<ymin>189</ymin>
			<xmax>1043</xmax>
			<ymax>831</ymax>
		</bndbox>
	</object>
	<object>
		<name>screwdriver</name>
		<pose>Unspecified</pose>
		<truncated>0</truncated>
		<difficult>0</difficult>
		<bndbox>
			<xmin>118</xmin>
			<ymin>303</ymin>
			<xmax>1171</xmax>
			<ymax>985</ymax>
		</bndbox>
	</object>
</annotation>
