<annotation>
	<folder>Box Wrench</folder>
	<filename>14d30cf8ff22213f.png</filename>
	<path>C:\Users\Kevin\Desktop\sentdexTensorflow\Images\Box Wrench\14d30cf8ff22213f.png</path>
	<source>
		<database>Unknown</database>
	</source>
	<size>
		<width>800</width>
		<height>600</height>
		<depth>1</depth>
	</size>
	<segmented>0</segmented>
	<object>
		<name>wrench</name>
		<pose>Unspecified</pose>
		<truncated>0</truncated>
		<difficult>0</difficult>
		<bndbox>
			<xmin>16</xmin>
			<ymin>225</ymin>
			<xmax>777</xmax>
			<ymax>373</ymax>
		</bndbox>
	</object>
</annotation>
