<annotation>
	<folder>Screwdriver</folder>
	<filename>150f7090b06adb35.jpg</filename>
	<path>C:\Users\Kevin\Desktop\sentdexTensorflow\Images\Screwdriver\150f7090b06adb35.jpg</path>
	<source>
		<database>Unknown</database>
	</source>
	<size>
		<width>640</width>
		<height>320</height>
		<depth>3</depth>
	</size>
	<segmented>0</segmented>
	<object>
		<name>screwdriver</name>
		<pose>Unspecified</pose>
		<truncated>0</truncated>
		<difficult>0</difficult>
		<bndbox>
			<xmin>24</xmin>
			<ymin>123</ymin>
			<xmax>620</xmax>
			<ymax>223</ymax>
		</bndbox>
	</object>
</annotation>
