<annotation>
	<folder>Box Wrench</folder>
	<filename>185-3021.01_s500_p1._V2e9912dc_.jpg</filename>
	<path>C:\Users\Kevin\Desktop\sentdexTensorflow\Images\Box Wrench\185-3021.01_s500_p1._V2e9912dc_.jpg</path>
	<source>
		<database>Unknown</database>
	</source>
	<size>
		<width>500</width>
		<height>500</height>
		<depth>3</depth>
	</size>
	<segmented>0</segmented>
	<object>
		<name>wrench</name>
		<pose>Unspecified</pose>
		<truncated>0</truncated>
		<difficult>0</difficult>
		<bndbox>
			<xmin>27</xmin>
			<ymin>63</ymin>
			<xmax>490</xmax>
			<ymax>445</ymax>
		</bndbox>
	</object>
</annotation>
