<annotation>
	<folder>Box Wrench</folder>
	<filename>1ANN2_AS01.jpg</filename>
	<path>C:\Users\Kevin\Desktop\sentdexTensorflow\Images\Box Wrench\1ANN2_AS01.jpg</path>
	<source>
		<database>Unknown</database>
	</source>
	<size>
		<width>300</width>
		<height>300</height>
		<depth>3</depth>
	</size>
	<segmented>0</segmented>
	<object>
		<name>wrench</name>
		<pose>Unspecified</pose>
		<truncated>0</truncated>
		<difficult>0</difficult>
		<bndbox>
			<xmin>15</xmin>
			<ymin>43</ymin>
			<xmax>281</xmax>
			<ymax>254</ymax>
		</bndbox>
	</object>
</annotation>
