<annotation>
	<folder>Box Wrench</folder>
	<filename>1EYF4_AS01.jpg</filename>
	<path>C:\Users\Kevin\Desktop\sentdexTensorflow\Images\Box Wrench\1EYF4_AS01.jpg</path>
	<source>
		<database>Unknown</database>
	</source>
	<size>
		<width>300</width>
		<height>300</height>
		<depth>3</depth>
	</size>
	<segmented>0</segmented>
	<object>
		<name>wrench</name>
		<pose>Unspecified</pose>
		<truncated>0</truncated>
		<difficult>0</difficult>
		<bndbox>
			<xmin>9</xmin>
			<ymin>127</ymin>
			<xmax>292</xmax>
			<ymax>173</ymax>
		</bndbox>
	</object>
</annotation>
