<annotation>
	<folder>redo</folder>
	<filename>2006316184951267662_72_Teeth_Combination_Gear_Wrench.jpg</filename>
	<path>C:\Users\Kevin\Desktop\sentdexTensorflow\Images\train\redo\2006316184951267662_72_Teeth_Combination_Gear_Wrench.jpg</path>
	<source>
		<database>Unknown</database>
	</source>
	<size>
		<width>946</width>
		<height>329</height>
		<depth>3</depth>
	</size>
	<segmented>0</segmented>
	<object>
		<name>wrench</name>
		<pose>Unspecified</pose>
		<truncated>0</truncated>
		<difficult>0</difficult>
		<bndbox>
			<xmin>4</xmin>
			<ymin>22</ymin>
			<xmax>925</xmax>
			<ymax>287</ymax>
		</bndbox>
	</object>
</annotation>
