<annotation>
	<folder>Pliers</folder>
	<filename>2017_06_28_PLR005.jpg</filename>
	<path>C:\Users\Kevin\Desktop\sentdexTensorflow\Images\Pliers\2017_06_28_PLR005.jpg</path>
	<source>
		<database>Unknown</database>
	</source>
	<size>
		<width>1000</width>
		<height>1000</height>
		<depth>3</depth>
	</size>
	<segmented>0</segmented>
	<object>
		<name>pliers</name>
		<pose>Unspecified</pose>
		<truncated>0</truncated>
		<difficult>0</difficult>
		<bndbox>
			<xmin>27</xmin>
			<ymin>249</ymin>
			<xmax>968</xmax>
			<ymax>894</ymax>
		</bndbox>
	</object>
</annotation>
