<annotation>
	<folder>Box Wrench</folder>
	<filename>21285061-6809-466d-a58b-43cf5469b33d_1000.jpg</filename>
	<path>C:\Users\Kevin\Desktop\sentdexTensorflow\Images\Box Wrench\21285061-6809-466d-a58b-43cf5469b33d_1000.jpg</path>
	<source>
		<database>Unknown</database>
	</source>
	<size>
		<width>1000</width>
		<height>1000</height>
		<depth>3</depth>
	</size>
	<segmented>0</segmented>
	<object>
		<name>wrench</name>
		<pose>Unspecified</pose>
		<truncated>0</truncated>
		<difficult>0</difficult>
		<bndbox>
			<xmin>9</xmin>
			<ymin>209</ymin>
			<xmax>984</xmax>
			<ymax>792</ymax>
		</bndbox>
	</object>
</annotation>
