<annotation>
	<folder>Screwdriver</folder>
	<filename>2202197737_cfe854fb90.jpg</filename>
	<path>C:\Users\Kevin\Desktop\sentdexTensorflow\Images\Screwdriver\2202197737_cfe854fb90.jpg</path>
	<source>
		<database>Unknown</database>
	</source>
	<size>
		<width>500</width>
		<height>375</height>
		<depth>3</depth>
	</size>
	<segmented>0</segmented>
	<object>
		<name>screwdriver</name>
		<pose>Unspecified</pose>
		<truncated>0</truncated>
		<difficult>0</difficult>
		<bndbox>
			<xmin>44</xmin>
			<ymin>69</ymin>
			<xmax>441</xmax>
			<ymax>315</ymax>
		</bndbox>
	</object>
</annotation>
