<annotation>
	<folder>Screwdriver</folder>
	<filename>2501166704_7de1088f0e.jpg</filename>
	<path>C:\Users\Kevin\Desktop\sentdexTensorflow\Images\Screwdriver\2501166704_7de1088f0e.jpg</path>
	<source>
		<database>Unknown</database>
	</source>
	<size>
		<width>500</width>
		<height>406</height>
		<depth>3</depth>
	</size>
	<segmented>0</segmented>
	<object>
		<name>screwdriver</name>
		<pose>Unspecified</pose>
		<truncated>0</truncated>
		<difficult>0</difficult>
		<bndbox>
			<xmin>20</xmin>
			<ymin>36</ymin>
			<xmax>464</xmax>
			<ymax>353</ymax>
		</bndbox>
	</object>
</annotation>
