<annotation>
	<folder>Pliers</folder>
	<filename>2502160-2__90141__53043.1461676139.jpg</filename>
	<path>C:\Users\Kevin\Desktop\sentdexTensorflow\Images\Pliers\2502160-2__90141__53043.1461676139.jpg</path>
	<source>
		<database>Unknown</database>
	</source>
	<size>
		<width>1063</width>
		<height>1063</height>
		<depth>3</depth>
	</size>
	<segmented>0</segmented>
	<object>
		<name>pliers</name>
		<pose>Unspecified</pose>
		<truncated>1</truncated>
		<difficult>0</difficult>
		<bndbox>
			<xmin>1</xmin>
			<ymin>376</ymin>
			<xmax>1055</xmax>
			<ymax>691</ymax>
		</bndbox>
	</object>
</annotation>
