<annotation>
	<folder>Pliers</folder>
	<filename>26-11-200-knipex-needle-nose-pliers-cutter.jpg</filename>
	<path>C:\Users\Kevin\Desktop\sentdexTensorflow\Images\Pliers\26-11-200-knipex-needle-nose-pliers-cutter.jpg</path>
	<source>
		<database>Unknown</database>
	</source>
	<size>
		<width>750</width>
		<height>750</height>
		<depth>3</depth>
	</size>
	<segmented>0</segmented>
	<object>
		<name>pliers</name>
		<pose>Unspecified</pose>
		<truncated>0</truncated>
		<difficult>0</difficult>
		<bndbox>
			<xmin>45</xmin>
			<ymin>43</ymin>
			<xmax>706</xmax>
			<ymax>705</ymax>
		</bndbox>
	</object>
</annotation>
