<annotation>
	<folder>Screwdriver</folder>
	<filename>2691_large_precision_screwdriver_phillips_000.jpg</filename>
	<path>C:\Users\Kevin\Desktop\sentdexTensorflow\Images\Screwdriver\2691_large_precision_screwdriver_phillips_000.jpg</path>
	<source>
		<database>Unknown</database>
	</source>
	<size>
		<width>709</width>
		<height>418</height>
		<depth>3</depth>
	</size>
	<segmented>0</segmented>
	<object>
		<name>screwdriver</name>
		<pose>Unspecified</pose>
		<truncated>0</truncated>
		<difficult>0</difficult>
		<bndbox>
			<xmin>8</xmin>
			<ymin>10</ymin>
			<xmax>705</xmax>
			<ymax>415</ymax>
		</bndbox>
	</object>
</annotation>
