<annotation>
	<folder>Screwdriver</folder>
	<filename>2c2dd32b-0063-4ccf-a6fc-b808370850c9.png</filename>
	<path>C:\Users\Kevin\Desktop\sentdexTensorflow\Images\Screwdriver\2c2dd32b-0063-4ccf-a6fc-b808370850c9.png</path>
	<source>
		<database>Unknown</database>
	</source>
	<size>
		<width>800</width>
		<height>800</height>
		<depth>3</depth>
	</size>
	<segmented>0</segmented>
	<object>
		<name>screwdriver</name>
		<pose>Unspecified</pose>
		<truncated>0</truncated>
		<difficult>0</difficult>
		<bndbox>
			<xmin>14</xmin>
			<ymin>143</ymin>
			<xmax>757</xmax>
			<ymax>526</ymax>
		</bndbox>
	</object>
</annotation>
