<annotation>
	<folder>redo</folder>
	<filename>2c8d273987dad51f7d6cb061da9ab77e.jpg</filename>
	<path>C:\Users\Kevin\Desktop\sentdexTensorflow\Images\test\redo\2c8d273987dad51f7d6cb061da9ab77e.jpg</path>
	<source>
		<database>Unknown</database>
	</source>
	<size>
		<width>1200</width>
		<height>1200</height>
		<depth>3</depth>
	</size>
	<segmented>0</segmented>
	<object>
		<name>screwdriver</name>
		<pose>Unspecified</pose>
		<truncated>0</truncated>
		<difficult>0</difficult>
		<bndbox>
			<xmin>124</xmin>
			<ymin>46</ymin>
			<xmax>1116</xmax>
			<ymax>1098</ymax>
		</bndbox>
	</object>
</annotation>
