<annotation>
	<folder>Pliers</folder>
	<filename>30782d02-b6a8-460e-907b-f15cd43dd621_1.556950056829217770d613153db62406.jpg</filename>
	<path>C:\Users\Kevin\Desktop\sentdexTensorflow\Images\Pliers\30782d02-b6a8-460e-907b-f15cd43dd621_1.556950056829217770d613153db62406.jpg</path>
	<source>
		<database>Unknown</database>
	</source>
	<size>
		<width>450</width>
		<height>450</height>
		<depth>3</depth>
	</size>
	<segmented>0</segmented>
	<object>
		<name>pliers</name>
		<pose>Unspecified</pose>
		<truncated>1</truncated>
		<difficult>0</difficult>
		<bndbox>
			<xmin>62</xmin>
			<ymin>1</ymin>
			<xmax>388</xmax>
			<ymax>450</ymax>
		</bndbox>
	</object>
</annotation>
