<annotation>
	<folder>Box Wrench</folder>
	<filename>31-400.jpg</filename>
	<path>C:\Users\Kevin\Desktop\sentdexTensorflow\Images\Box Wrench\31-400.jpg</path>
	<source>
		<database>Unknown</database>
	</source>
	<size>
		<width>400</width>
		<height>299</height>
		<depth>1</depth>
	</size>
	<segmented>0</segmented>
	<object>
		<name>wrench</name>
		<pose>Unspecified</pose>
		<truncated>0</truncated>
		<difficult>0</difficult>
		<bndbox>
			<xmin>5</xmin>
			<ymin>20</ymin>
			<xmax>395</xmax>
			<ymax>275</ymax>
		</bndbox>
	</object>
</annotation>
