<annotation>
	<folder>Pliers</folder>
	<filename>31-5t20H8UL._SL500_AC_SS350_.jpg</filename>
	<path>C:\Users\Kevin\Desktop\sentdexTensorflow\Images\Pliers\31-5t20H8UL._SL500_AC_SS350_.jpg</path>
	<source>
		<database>Unknown</database>
	</source>
	<size>
		<width>350</width>
		<height>350</height>
		<depth>3</depth>
	</size>
	<segmented>0</segmented>
	<object>
		<name>pliers</name>
		<pose>Unspecified</pose>
		<truncated>0</truncated>
		<difficult>0</difficult>
		<bndbox>
			<xmin>13</xmin>
			<ymin>20</ymin>
			<xmax>335</xmax>
			<ymax>289</ymax>
		</bndbox>
	</object>
</annotation>
