<annotation>
	<folder>Pliers</folder>
	<filename>311JaUMnB0L.jpg</filename>
	<path>C:\Users\Kevin\Desktop\sentdexTensorflow\Images\Pliers\311JaUMnB0L.jpg</path>
	<source>
		<database>Unknown</database>
	</source>
	<size>
		<width>500</width>
		<height>197</height>
		<depth>3</depth>
	</size>
	<segmented>0</segmented>
	<object>
		<name>pliers</name>
		<pose>Unspecified</pose>
		<truncated>0</truncated>
		<difficult>0</difficult>
		<bndbox>
			<xmin>11</xmin>
			<ymin>14</ymin>
			<xmax>489</xmax>
			<ymax>185</ymax>
		</bndbox>
	</object>
</annotation>
