<annotation>
	<folder>Screwdriver</folder>
	<filename>3425126475_bef468d248.jpg</filename>
	<path>C:\Users\Kevin\Desktop\sentdexTensorflow\Images\Screwdriver\3425126475_bef468d248.jpg</path>
	<source>
		<database>Unknown</database>
	</source>
	<size>
		<width>500</width>
		<height>375</height>
		<depth>3</depth>
	</size>
	<segmented>0</segmented>
	<object>
		<name>screwdriver</name>
		<pose>Unspecified</pose>
		<truncated>0</truncated>
		<difficult>0</difficult>
		<bndbox>
			<xmin>86</xmin>
			<ymin>170</ymin>
			<xmax>216</xmax>
			<ymax>357</ymax>
		</bndbox>
	</object>
</annotation>
