<annotation>
	<folder>redo</folder>
	<filename>35-204.jpg</filename>
	<path>C:\Users\Kevin\Desktop\sentdexTensorflow\Images\test\redo\35-204.jpg</path>
	<source>
		<database>Unknown</database>
	</source>
	<size>
		<width>1115</width>
		<height>617</height>
		<depth>3</depth>
	</size>
	<segmented>0</segmented>
	<object>
		<name>screwdriver</name>
		<pose>Unspecified</pose>
		<truncated>0</truncated>
		<difficult>0</difficult>
		<bndbox>
			<xmin>18</xmin>
			<ymin>28</ymin>
			<xmax>1086</xmax>
			<ymax>559</ymax>
		</bndbox>
	</object>
</annotation>
