<annotation>
	<folder>Box Wrench</folder>
	<filename>35032-2__18078__51628.1461700959.jpg</filename>
	<path>C:\Users\Kevin\Desktop\sentdexTensorflow\Images\Box Wrench\35032-2__18078__51628.1461700959.jpg</path>
	<source>
		<database>Unknown</database>
	</source>
	<size>
		<width>1280</width>
		<height>1280</height>
		<depth>3</depth>
	</size>
	<segmented>0</segmented>
	<object>
		<name>wrench</name>
		<pose>Unspecified</pose>
		<truncated>0</truncated>
		<difficult>0</difficult>
		<bndbox>
			<xmin>71</xmin>
			<ymin>520</ymin>
			<xmax>1246</xmax>
			<ymax>755</ymax>
		</bndbox>
	</object>
</annotation>
