<annotation>
	<folder>Screwdriver</folder>
	<filename>3d99c422-a7a3-4ab1-a871-53cd70355569_1.4f49e78a7f24712a2f62c319007bd2f9.jpg</filename>
	<path>C:\Users\Kevin\Desktop\sentdexTensorflow\Images\Screwdriver\3d99c422-a7a3-4ab1-a871-53cd70355569_1.4f49e78a7f24712a2f62c319007bd2f9.jpg</path>
	<source>
		<database>Unknown</database>
	</source>
	<size>
		<width>450</width>
		<height>450</height>
		<depth>3</depth>
	</size>
	<segmented>0</segmented>
	<object>
		<name>screwdriver</name>
		<pose>Unspecified</pose>
		<truncated>1</truncated>
		<difficult>0</difficult>
		<bndbox>
			<xmin>1</xmin>
			<ymin>179</ymin>
			<xmax>450</xmax>
			<ymax>276</ymax>
		</bndbox>
	</object>
</annotation>
