<annotation>
	<folder>Pliers</folder>
	<filename>40b0c901-86b3-4b89-b2c8-81f2dabf9081_1000.jpg</filename>
	<path>C:\Users\Kevin\Desktop\sentdexTensorflow\Images\Pliers\40b0c901-86b3-4b89-b2c8-81f2dabf9081_1000.jpg</path>
	<source>
		<database>Unknown</database>
	</source>
	<size>
		<width>1000</width>
		<height>1000</height>
		<depth>3</depth>
	</size>
	<segmented>0</segmented>
	<object>
		<name>pliers</name>
		<pose>Unspecified</pose>
		<truncated>0</truncated>
		<difficult>0</difficult>
		<bndbox>
			<xmin>27</xmin>
			<ymin>363</ymin>
			<xmax>977</xmax>
			<ymax>629</ymax>
		</bndbox>
	</object>
</annotation>
