<annotation>
	<folder>redo</folder>
	<filename>41-mm-12-point-satin-long-combination-wrench-high-quality-work-hand-tool-9d0a7855260402f25b1da077cf722635.jpg</filename>
	<path>C:\Users\Kevin\Desktop\sentdexTensorflow\Images\test\redo\41-mm-12-point-satin-long-combination-wrench-high-quality-work-hand-tool-9d0a7855260402f25b1da077cf722635.jpg</path>
	<source>
		<database>Unknown</database>
	</source>
	<size>
		<width>800</width>
		<height>654</height>
		<depth>3</depth>
	</size>
	<segmented>0</segmented>
	<object>
		<name>wrench</name>
		<pose>Unspecified</pose>
		<truncated>0</truncated>
		<difficult>0</difficult>
		<bndbox>
			<xmin>67</xmin>
			<ymin>286</ymin>
			<xmax>773</xmax>
			<ymax>385</ymax>
		</bndbox>
	</object>
</annotation>
