<annotation>
	<folder>Box Wrench</folder>
	<filename>410679_0_orig.jpg</filename>
	<path>C:\Users\Kevin\Desktop\sentdexTensorflow\Images\Box Wrench\410679_0_orig.jpg</path>
	<source>
		<database>Unknown</database>
	</source>
	<size>
		<width>750</width>
		<height>552</height>
		<depth>3</depth>
	</size>
	<segmented>0</segmented>
	<object>
		<name>wrench</name>
		<pose>Unspecified</pose>
		<truncated>0</truncated>
		<difficult>0</difficult>
		<bndbox>
			<xmin>61</xmin>
			<ymin>61</ymin>
			<xmax>684</xmax>
			<ymax>493</ymax>
		</bndbox>
	</object>
</annotation>
