<annotation>
	<folder>Screwdriver</folder>
	<filename>418z1aq9fWL.jpg</filename>
	<path>C:\Users\Kevin\Desktop\sentdexTensorflow\Images\Screwdriver\418z1aq9fWL.jpg</path>
	<source>
		<database>Unknown</database>
	</source>
	<size>
		<width>500</width>
		<height>500</height>
		<depth>3</depth>
	</size>
	<segmented>0</segmented>
	<object>
		<name>screwdriver</name>
		<pose>Unspecified</pose>
		<truncated>0</truncated>
		<difficult>0</difficult>
		<bndbox>
			<xmin>141</xmin>
			<ymin>99</ymin>
			<xmax>482</xmax>
			<ymax>156</ymax>
		</bndbox>
	</object>
	<object>
		<name>screwdriver</name>
		<pose>Unspecified</pose>
		<truncated>0</truncated>
		<difficult>0</difficult>
		<bndbox>
			<xmin>24</xmin>
			<ymin>130</ymin>
			<xmax>430</xmax>
			<ymax>197</ymax>
		</bndbox>
	</object>
	<object>
		<name>screwdriver</name>
		<pose>Unspecified</pose>
		<truncated>0</truncated>
		<difficult>0</difficult>
		<bndbox>
			<xmin>93</xmin>
			<ymin>172</ymin>
			<xmax>493</xmax>
			<ymax>238</ymax>
		</bndbox>
	</object>
	<object>
		<name>screwdriver</name>
		<pose>Unspecified</pose>
		<truncated>0</truncated>
		<difficult>0</difficult>
		<bndbox>
			<xmin>25</xmin>
			<ymin>210</ymin>
			<xmax>390</xmax>
			<ymax>277</ymax>
		</bndbox>
	</object>
	<object>
		<name>screwdriver</name>
		<pose>Unspecified</pose>
		<truncated>0</truncated>
		<difficult>0</difficult>
		<bndbox>
			<xmin>42</xmin>
			<ymin>249</ymin>
			<xmax>497</xmax>
			<ymax>319</ymax>
		</bndbox>
	</object>
	<object>
		<name>screwdriver</name>
		<pose>Unspecified</pose>
		<truncated>0</truncated>
		<difficult>0</difficult>
		<bndbox>
			<xmin>32</xmin>
			<ymin>296</ymin>
			<xmax>348</xmax>
			<ymax>349</ymax>
		</bndbox>
	</object>
	<object>
		<name>screwdriver</name>
		<pose>Unspecified</pose>
		<truncated>0</truncated>
		<difficult>0</difficult>
		<bndbox>
			<xmin>2</xmin>
			<ymin>327</ymin>
			<xmax>495</xmax>
			<ymax>397</ymax>
		</bndbox>
	</object>
</annotation>
