<annotation>
	<folder>Pliers</folder>
	<filename>41RipJ7fGeL._SY463_.jpg</filename>
	<path>C:\Users\Kevin\Desktop\sentdexTensorflow\Images\Pliers\41RipJ7fGeL._SY463_.jpg</path>
	<source>
		<database>Unknown</database>
	</source>
	<size>
		<width>463</width>
		<height>463</height>
		<depth>3</depth>
	</size>
	<segmented>0</segmented>
	<object>
		<name>pliers</name>
		<pose>Unspecified</pose>
		<truncated>0</truncated>
		<difficult>0</difficult>
		<bndbox>
			<xmin>22</xmin>
			<ymin>58</ymin>
			<xmax>436</xmax>
			<ymax>423</ymax>
		</bndbox>
	</object>
</annotation>
