<annotation>
	<folder>Screwdriver</folder>
	<filename>427187e0-db74-4a18-b4bf-3a352ae3029f.png</filename>
	<path>C:\Users\Kevin\Desktop\sentdexTensorflow\Images\Screwdriver\427187e0-db74-4a18-b4bf-3a352ae3029f.png</path>
	<source>
		<database>Unknown</database>
	</source>
	<size>
		<width>800</width>
		<height>800</height>
		<depth>3</depth>
	</size>
	<segmented>0</segmented>
	<object>
		<name>screwdriver</name>
		<pose>Unspecified</pose>
		<truncated>0</truncated>
		<difficult>0</difficult>
		<bndbox>
			<xmin>17</xmin>
			<ymin>201</ymin>
			<xmax>780</xmax>
			<ymax>593</ymax>
		</bndbox>
	</object>
</annotation>
