<annotation>
	<folder>Screwdriver</folder>
	<filename>42885-wiha-362ip-15ipx80-soft-finish-15ip-x-80-torx-plus-screwdriver-6.jpg</filename>
	<path>C:\Users\Kevin\Desktop\sentdexTensorflow\Images\Screwdriver\42885-wiha-362ip-15ipx80-soft-finish-15ip-x-80-torx-plus-screwdriver-6.jpg</path>
	<source>
		<database>Unknown</database>
	</source>
	<size>
		<width>1280</width>
		<height>960</height>
		<depth>3</depth>
	</size>
	<segmented>0</segmented>
	<object>
		<name>screwdriver</name>
		<pose>Unspecified</pose>
		<truncated>0</truncated>
		<difficult>0</difficult>
		<bndbox>
			<xmin>82</xmin>
			<ymin>94</ymin>
			<xmax>1250</xmax>
			<ymax>866</ymax>
		</bndbox>
	</object>
</annotation>
