<annotation>
	<folder>Pliers</folder>
	<filename>4413f007-b9b9-461a-b9d7-84bc4c158d2d_1000.jpg</filename>
	<path>C:\Users\Kevin\Desktop\sentdexTensorflow\Images\Pliers\4413f007-b9b9-461a-b9d7-84bc4c158d2d_1000.jpg</path>
	<source>
		<database>Unknown</database>
	</source>
	<size>
		<width>1000</width>
		<height>1000</height>
		<depth>3</depth>
	</size>
	<segmented>0</segmented>
	<object>
		<name>pliers</name>
		<pose>Unspecified</pose>
		<truncated>1</truncated>
		<difficult>0</difficult>
		<bndbox>
			<xmin>1</xmin>
			<ymin>4</ymin>
			<xmax>1000</xmax>
			<ymax>991</ymax>
		</bndbox>
	</object>
</annotation>
