<annotation>
	<folder>Pliers</folder>
	<filename>4413f007-b9b9-461a-b9d7-84bc4c158d2d_400_compressed.jpg</filename>
	<path>C:\Users\Kevin\Desktop\sentdexTensorflow\Images\Pliers\4413f007-b9b9-461a-b9d7-84bc4c158d2d_400_compressed.jpg</path>
	<source>
		<database>Unknown</database>
	</source>
	<size>
		<width>400</width>
		<height>400</height>
		<depth>3</depth>
	</size>
	<segmented>0</segmented>
	<object>
		<name>pliers</name>
		<pose>Unspecified</pose>
		<truncated>1</truncated>
		<difficult>0</difficult>
		<bndbox>
			<xmin>1</xmin>
			<ymin>1</ymin>
			<xmax>400</xmax>
			<ymax>400</ymax>
		</bndbox>
	</object>
</annotation>
