<annotation>
	<folder>Box Wrench</folder>
	<filename>4cfd16d3-56fb-4e2e-87bc-c336d7b22fb8_1000.jpg</filename>
	<path>C:\Users\Kevin\Desktop\sentdexTensorflow\Images\Box Wrench\4cfd16d3-56fb-4e2e-87bc-c336d7b22fb8_1000.jpg</path>
	<source>
		<database>Unknown</database>
	</source>
	<size>
		<width>1000</width>
		<height>1000</height>
		<depth>3</depth>
	</size>
	<segmented>0</segmented>
	<object>
		<name>wrench</name>
		<pose>Unspecified</pose>
		<truncated>0</truncated>
		<difficult>0</difficult>
		<bndbox>
			<xmin>7</xmin>
			<ymin>434</ymin>
			<xmax>994</xmax>
			<ymax>569</ymax>
		</bndbox>
	</object>
</annotation>
