<annotation>
	<folder>Box Wrench</folder>
	<filename>4FCD03CECB032323136ECE7333C8436353CA07CDA0CA.jpg</filename>
	<path>C:\Users\Kevin\Desktop\sentdexTensorflow\Images\Box Wrench\4FCD03CECB032323136ECE7333C8436353CA07CDA0CA.jpg</path>
	<source>
		<database>Unknown</database>
	</source>
	<size>
		<width>1100</width>
		<height>1100</height>
		<depth>3</depth>
	</size>
	<segmented>0</segmented>
	<object>
		<name>wrench</name>
		<pose>Unspecified</pose>
		<truncated>0</truncated>
		<difficult>0</difficult>
		<bndbox>
			<xmin>5</xmin>
			<ymin>195</ymin>
			<xmax>1092</xmax>
			<ymax>893</ymax>
		</bndbox>
	</object>
</annotation>
