<annotation>
	<folder>Pliers</folder>
	<filename>5-Inch-Long-Reach-Needle-Nose-Pliers-Jeweler-Hand-Tool.jpg</filename>
	<path>C:\Users\Kevin\Desktop\sentdexTensorflow\Images\Pliers\5-Inch-Long-Reach-Needle-Nose-Pliers-Jeweler-Hand-Tool.jpg</path>
	<source>
		<database>Unknown</database>
	</source>
	<size>
		<width>1000</width>
		<height>1000</height>
		<depth>3</depth>
	</size>
	<segmented>0</segmented>
	<object>
		<name>pliers</name>
		<pose>Unspecified</pose>
		<truncated>0</truncated>
		<difficult>0</difficult>
		<bndbox>
			<xmin>6</xmin>
			<ymin>26</ymin>
			<xmax>987</xmax>
			<ymax>970</ymax>
		</bndbox>
	</object>
</annotation>
