<annotation>
	<folder>redo</folder>
	<filename>5052931323913_01c.jpg</filename>
	<path>C:\Users\Kevin\Desktop\sentdexTensorflow\Images\train\redo\5052931323913_01c.jpg</path>
	<source>
		<database>Unknown</database>
	</source>
	<size>
		<width>1092</width>
		<height>1092</height>
		<depth>3</depth>
	</size>
	<segmented>0</segmented>
	<object>
		<name>pliers</name>
		<pose>Unspecified</pose>
		<truncated>0</truncated>
		<difficult>0</difficult>
		<bndbox>
			<xmin>11</xmin>
			<ymin>313</ymin>
			<xmax>1082</xmax>
			<ymax>862</ymax>
		</bndbox>
	</object>
</annotation>
