<annotation>
	<folder>Screwdriver</folder>
	<filename>5052931323838_01c.jpg</filename>
	<path>C:\Users\Kevin\Desktop\sentdexTensorflow\Images\Screwdriver\5052931323838_01c.jpg</path>
	<source>
		<database>Unknown</database>
	</source>
	<size>
		<width>260</width>
		<height>260</height>
		<depth>3</depth>
	</size>
	<segmented>0</segmented>
	<object>
		<name>screwdriver</name>
		<pose>Unspecified</pose>
		<truncated>0</truncated>
		<difficult>0</difficult>
		<bndbox>
			<xmin>4</xmin>
			<ymin>87</ymin>
			<xmax>258</xmax>
			<ymax>174</ymax>
		</bndbox>
	</object>
</annotation>
