<annotation>
	<folder>Box Wrench</folder>
	<filename>51NvuuZ5k0L._SY355_.jpg</filename>
	<path>C:\Users\Kevin\Desktop\sentdexTensorflow\Images\Box Wrench\51NvuuZ5k0L._SY355_.jpg</path>
	<source>
		<database>Unknown</database>
	</source>
	<size>
		<width>355</width>
		<height>355</height>
		<depth>1</depth>
	</size>
	<segmented>0</segmented>
	<object>
		<name>wrench</name>
		<pose>Unspecified</pose>
		<truncated>0</truncated>
		<difficult>0</difficult>
		<bndbox>
			<xmin>9</xmin>
			<ymin>48</ymin>
			<xmax>331</xmax>
			<ymax>290</ymax>
		</bndbox>
	</object>
</annotation>
