<annotation>
	<folder>Box Wrench</folder>
	<filename>546dfad4-3a78-4117-b265-d6931e27d4bb_1000.jpg</filename>
	<path>C:\Users\Kevin\Desktop\sentdexTensorflow\Images\Box Wrench\546dfad4-3a78-4117-b265-d6931e27d4bb_1000.jpg</path>
	<source>
		<database>Unknown</database>
	</source>
	<size>
		<width>1000</width>
		<height>1000</height>
		<depth>3</depth>
	</size>
	<segmented>0</segmented>
	<object>
		<name>wrench</name>
		<pose>Unspecified</pose>
		<truncated>0</truncated>
		<difficult>0</difficult>
		<bndbox>
			<xmin>5</xmin>
			<ymin>204</ymin>
			<xmax>992</xmax>
			<ymax>801</ymax>
		</bndbox>
	</object>
</annotation>
