<annotation>
	<folder>Screwdriver</folder>
	<filename>55001_slottedscrewdriver_1.png</filename>
	<path>C:\Users\Kevin\Desktop\sentdexTensorflow\Images\Screwdriver\55001_slottedscrewdriver_1.png</path>
	<source>
		<database>Unknown</database>
	</source>
	<size>
		<width>900</width>
		<height>900</height>
		<depth>3</depth>
	</size>
	<segmented>0</segmented>
	<object>
		<name>screwdriver</name>
		<pose>Unspecified</pose>
		<truncated>0</truncated>
		<difficult>0</difficult>
		<bndbox>
			<xmin>7</xmin>
			<ymin>210</ymin>
			<xmax>888</xmax>
			<ymax>699</ymax>
		</bndbox>
	</object>
</annotation>
