<annotation>
	<folder>redo</folder>
	<filename>619+24BT3+L._SL1500_.jpg</filename>
	<path>C:\Users\Kevin\Desktop\sentdexTensorflow\Images\train\redo\619+24BT3+L._SL1500_.jpg</path>
	<source>
		<database>Unknown</database>
	</source>
	<size>
		<width>750</width>
		<height>750</height>
		<depth>3</depth>
	</size>
	<segmented>0</segmented>
	<object>
		<name>pliers</name>
		<pose>Unspecified</pose>
		<truncated>0</truncated>
		<difficult>0</difficult>
		<bndbox>
			<xmin>31</xmin>
			<ymin>252</ymin>
			<xmax>721</xmax>
			<ymax>458</ymax>
		</bndbox>
	</object>
</annotation>
