<annotation>
	<folder>redo</folder>
	<filename>61a-NRAX4IL._SL1500_.jpg</filename>
	<path>C:\Users\Kevin\Desktop\sentdexTensorflow\Images\train\redo\61a-NRAX4IL._SL1500_.jpg</path>
	<source>
		<database>Unknown</database>
	</source>
	<size>
		<width>750</width>
		<height>750</height>
		<depth>3</depth>
	</size>
	<segmented>0</segmented>
	<object>
		<name>screwdriver</name>
		<pose>Unspecified</pose>
		<truncated>0</truncated>
		<difficult>0</difficult>
		<bndbox>
			<xmin>41</xmin>
			<ymin>39</ymin>
			<xmax>715</xmax>
			<ymax>716</ymax>
		</bndbox>
	</object>
</annotation>
