<annotation>
	<folder>Screwdriver</folder>
	<filename>62e6c918-82bb-4f94-9663-5d2ac54e192d_1000.jpg</filename>
	<path>C:\Users\Kevin\Desktop\sentdexTensorflow\Images\Screwdriver\62e6c918-82bb-4f94-9663-5d2ac54e192d_1000.jpg</path>
	<source>
		<database>Unknown</database>
	</source>
	<size>
		<width>1000</width>
		<height>1000</height>
		<depth>3</depth>
	</size>
	<segmented>0</segmented>
	<object>
		<name>screwdriver</name>
		<pose>Unspecified</pose>
		<truncated>0</truncated>
		<difficult>0</difficult>
		<bndbox>
			<xmin>31</xmin>
			<ymin>19</ymin>
			<xmax>977</xmax>
			<ymax>979</ymax>
		</bndbox>
	</object>
</annotation>
