<annotation>
	<folder>redo</folder>
	<filename>71668_titanium-combination-wrench.jpg</filename>
	<path>C:\Users\Kevin\Desktop\sentdexTensorflow\Images\train\redo\71668_titanium-combination-wrench.jpg</path>
	<source>
		<database>Unknown</database>
	</source>
	<size>
		<width>1000</width>
		<height>1000</height>
		<depth>3</depth>
	</size>
	<segmented>0</segmented>
	<object>
		<name>wrench</name>
		<pose>Unspecified</pose>
		<truncated>1</truncated>
		<difficult>0</difficult>
		<bndbox>
			<xmin>1</xmin>
			<ymin>301</ymin>
			<xmax>1000</xmax>
			<ymax>705</ymax>
		</bndbox>
	</object>
</annotation>
