<annotation>
	<folder>Pliers</folder>
	<filename>718-long-reach.png</filename>
	<path>C:\Users\Kevin\Desktop\sentdexTensorflow\Images\Pliers\718-long-reach.png</path>
	<source>
		<database>Unknown</database>
	</source>
	<size>
		<width>965</width>
		<height>290</height>
		<depth>3</depth>
	</size>
	<segmented>0</segmented>
	<object>
		<name>pliers</name>
		<pose>Unspecified</pose>
		<truncated>1</truncated>
		<difficult>0</difficult>
		<bndbox>
			<xmin>1</xmin>
			<ymin>22</ymin>
			<xmax>963</xmax>
			<ymax>277</ymax>
		</bndbox>
	</object>
</annotation>
