<annotation>
	<folder>Screwdriver</folder>
	<filename>71t5fEY6M7L._AC_UL320_SR316,320_.jpg</filename>
	<path>C:\Users\Kevin\Desktop\sentdexTensorflow\Images\Screwdriver\71t5fEY6M7L._AC_UL320_SR316,320_.jpg</path>
	<source>
		<database>Unknown</database>
	</source>
	<size>
		<width>316</width>
		<height>320</height>
		<depth>3</depth>
	</size>
	<segmented>0</segmented>
	<object>
		<name>screwdriver</name>
		<pose>Unspecified</pose>
		<truncated>1</truncated>
		<difficult>0</difficult>
		<bndbox>
			<xmin>1</xmin>
			<ymin>1</ymin>
			<xmax>315</xmax>
			<ymax>319</ymax>
		</bndbox>
	</object>
</annotation>
