<annotation>
	<folder>redo</folder>
	<filename>7b42d97cd8a3d5e725b041a2defb4c2b.png</filename>
	<path>C:\Users\Kevin\Desktop\sentdexTensorflow\Images\test\redo\7b42d97cd8a3d5e725b041a2defb4c2b.png</path>
	<source>
		<database>Unknown</database>
	</source>
	<size>
		<width>1200</width>
		<height>598</height>
		<depth>3</depth>
	</size>
	<segmented>0</segmented>
	<object>
		<name>wrench</name>
		<pose>Unspecified</pose>
		<truncated>1</truncated>
		<difficult>0</difficult>
		<bndbox>
			<xmin>1</xmin>
			<ymin>1</ymin>
			<xmax>1200</xmax>
			<ymax>598</ymax>
		</bndbox>
	</object>
</annotation>
