<annotation>
	<folder>Box Wrench</folder>
	<filename>7e14fa8d-0e5c-4a40-86cc-110e2e61f81b.jpg</filename>
	<path>C:\Users\Kevin\Desktop\sentdexTensorflow\Images\Box Wrench\7e14fa8d-0e5c-4a40-86cc-110e2e61f81b.jpg</path>
	<source>
		<database>Unknown</database>
	</source>
	<size>
		<width>800</width>
		<height>800</height>
		<depth>3</depth>
	</size>
	<segmented>0</segmented>
	<object>
		<name>wrench</name>
		<pose>Unspecified</pose>
		<truncated>0</truncated>
		<difficult>0</difficult>
		<bndbox>
			<xmin>13</xmin>
			<ymin>340</ymin>
			<xmax>795</xmax>
			<ymax>471</ymax>
		</bndbox>
	</object>
</annotation>
