<annotation>
	<folder>Pliers</folder>
	<filename>808d42f9-8e50-4e64-98f9-81776f08b8d8_1000.jpg</filename>
	<path>C:\Users\Kevin\Desktop\sentdexTensorflow\Images\Pliers\808d42f9-8e50-4e64-98f9-81776f08b8d8_1000.jpg</path>
	<source>
		<database>Unknown</database>
	</source>
	<size>
		<width>1000</width>
		<height>1000</height>
		<depth>3</depth>
	</size>
	<segmented>0</segmented>
	<object>
		<name>pliers</name>
		<pose>Unspecified</pose>
		<truncated>0</truncated>
		<difficult>0</difficult>
		<bndbox>
			<xmin>5</xmin>
			<ymin>3</ymin>
			<xmax>996</xmax>
			<ymax>996</ymax>
		</bndbox>
	</object>
</annotation>
