<annotation>
	<folder>Pliers</folder>
	<filename>808d42f9-8e50-4e64-98f9-81776f08b8d8_400.jpg</filename>
	<path>C:\Users\Kevin\Desktop\sentdexTensorflow\Images\Pliers\808d42f9-8e50-4e64-98f9-81776f08b8d8_400.jpg</path>
	<source>
		<database>Unknown</database>
	</source>
	<size>
		<width>400</width>
		<height>400</height>
		<depth>3</depth>
	</size>
	<segmented>0</segmented>
	<object>
		<name>pliers</name>
		<pose>Unspecified</pose>
		<truncated>1</truncated>
		<difficult>0</difficult>
		<bndbox>
			<xmin>2</xmin>
			<ymin>1</ymin>
			<xmax>399</xmax>
			<ymax>399</ymax>
		</bndbox>
	</object>
</annotation>
