<annotation>
	<folder>Pliers</folder>
	<filename>84-031W.jpg</filename>
	<path>C:\Users\Kevin\Desktop\sentdexTensorflow\Images\Pliers\84-031W.jpg</path>
	<source>
		<database>Unknown</database>
	</source>
	<size>
		<width>750</width>
		<height>750</height>
		<depth>3</depth>
	</size>
	<segmented>0</segmented>
	<object>
		<name>pliers</name>
		<pose>Unspecified</pose>
		<truncated>0</truncated>
		<difficult>0</difficult>
		<bndbox>
			<xmin>253</xmin>
			<ymin>27</ymin>
			<xmax>504</xmax>
			<ymax>719</ymax>
		</bndbox>
	</object>
</annotation>
