<annotation>
	<folder>Box Wrench</folder>
	<filename>865-1-1I8-1-1I4-700x700.jpg</filename>
	<path>C:\Users\Kevin\Desktop\sentdexTensorflow\Images\Box Wrench\865-1-1I8-1-1I4-700x700.jpg</path>
	<source>
		<database>Unknown</database>
	</source>
	<size>
		<width>700</width>
		<height>700</height>
		<depth>3</depth>
	</size>
	<segmented>0</segmented>
	<object>
		<name>wrench</name>
		<pose>Unspecified</pose>
		<truncated>0</truncated>
		<difficult>0</difficult>
		<bndbox>
			<xmin>56</xmin>
			<ymin>43</ymin>
			<xmax>640</xmax>
			<ymax>628</ymax>
		</bndbox>
	</object>
</annotation>
