<annotation>
	<folder>Screwdriver</folder>
	<filename>87079487_8913692607.jpg</filename>
	<path>C:\Users\Kevin\Desktop\sentdexTensorflow\Images\Screwdriver\87079487_8913692607.jpg</path>
	<source>
		<database>Unknown</database>
	</source>
	<size>
		<width>500</width>
		<height>375</height>
		<depth>3</depth>
	</size>
	<segmented>0</segmented>
	<object>
		<name>screwdriver</name>
		<pose>Unspecified</pose>
		<truncated>0</truncated>
		<difficult>0</difficult>
		<bndbox>
			<xmin>65</xmin>
			<ymin>65</ymin>
			<xmax>442</xmax>
			<ymax>273</ymax>
		</bndbox>
	</object>
</annotation>
