<annotation>
	<folder>Box Wrench</folder>
	<filename>8fe96bf9-ca31-43fc-a8a2-a41948b15385_1000.jpg</filename>
	<path>C:\Users\Kevin\Desktop\sentdexTensorflow\Images\Box Wrench\8fe96bf9-ca31-43fc-a8a2-a41948b15385_1000.jpg</path>
	<source>
		<database>Unknown</database>
	</source>
	<size>
		<width>1000</width>
		<height>1000</height>
		<depth>3</depth>
	</size>
	<segmented>0</segmented>
	<object>
		<name>wrench</name>
		<pose>Unspecified</pose>
		<truncated>0</truncated>
		<difficult>0</difficult>
		<bndbox>
			<xmin>6</xmin>
			<ymin>434</ymin>
			<xmax>993</xmax>
			<ymax>572</ymax>
		</bndbox>
	</object>
</annotation>
