<annotation>
	<folder>Box Wrench</folder>
	<filename>8mm-the-key-mini-combination-wrench-set-spanners-auto-repair-hand-tools-pocket-wrench-gear-Chrome.jpg_640x640.jpg</filename>
	<path>C:\Users\Kevin\Desktop\sentdexTensorflow\Images\Box Wrench\8mm-the-key-mini-combination-wrench-set-spanners-auto-repair-hand-tools-pocket-wrench-gear-Chrome.jpg_640x640.jpg</path>
	<source>
		<database>Unknown</database>
	</source>
	<size>
		<width>640</width>
		<height>640</height>
		<depth>3</depth>
	</size>
	<segmented>0</segmented>
	<object>
		<name>wrench</name>
		<pose>Unspecified</pose>
		<truncated>0</truncated>
		<difficult>0</difficult>
		<bndbox>
			<xmin>74</xmin>
			<ymin>198</ymin>
			<xmax>607</xmax>
			<ymax>476</ymax>
		</bndbox>
	</object>
</annotation>
