<annotation>
	<folder>Box Wrench</folder>
	<filename>9052c725-765d-4dc9-af6d-94bc64297564_1000.jpg</filename>
	<path>C:\Users\Kevin\Desktop\sentdexTensorflow\Images\Box Wrench\9052c725-765d-4dc9-af6d-94bc64297564_1000.jpg</path>
	<source>
		<database>Unknown</database>
	</source>
	<size>
		<width>1000</width>
		<height>1000</height>
		<depth>3</depth>
	</size>
	<segmented>0</segmented>
	<object>
		<name>wrench</name>
		<pose>Unspecified</pose>
		<truncated>0</truncated>
		<difficult>0</difficult>
		<bndbox>
			<xmin>5</xmin>
			<ymin>15</ymin>
			<xmax>993</xmax>
			<ymax>990</ymax>
		</bndbox>
	</object>
</annotation>
