<annotation>
	<folder>Screwdriver</folder>
	<filename>999d9517e1eff4f4ce47a33c2b98422e.jpg</filename>
	<path>C:\Users\Kevin\Desktop\sentdexTensorflow\Images\Screwdriver\999d9517e1eff4f4ce47a33c2b98422e.jpg</path>
	<source>
		<database>Unknown</database>
	</source>
	<size>
		<width>650</width>
		<height>650</height>
		<depth>3</depth>
	</size>
	<segmented>0</segmented>
	<object>
		<name>screwdriver</name>
		<pose>Unspecified</pose>
		<truncated>0</truncated>
		<difficult>0</difficult>
		<bndbox>
			<xmin>39</xmin>
			<ymin>23</ymin>
			<xmax>595</xmax>
			<ymax>629</ymax>
		</bndbox>
	</object>
</annotation>
