<annotation>
	<folder>Screwdriver</folder>
	<filename>9f769088-11b5-42b2-97ee-f74cdb822baa_1000.jpg</filename>
	<path>C:\Users\Kevin\Desktop\sentdexTensorflow\Images\Screwdriver\9f769088-11b5-42b2-97ee-f74cdb822baa_1000.jpg</path>
	<source>
		<database>Unknown</database>
	</source>
	<size>
		<width>1000</width>
		<height>1000</height>
		<depth>3</depth>
	</size>
	<segmented>0</segmented>
	<object>
		<name>screwdriver</name>
		<pose>Unspecified</pose>
		<truncated>0</truncated>
		<difficult>0</difficult>
		<bndbox>
			<xmin>110</xmin>
			<ymin>417</ymin>
			<xmax>864</xmax>
			<ymax>526</ymax>
		</bndbox>
	</object>
</annotation>
