<annotation>
	<folder>redo</folder>
	<filename>ACS-12.jpg</filename>
	<path>C:\Users\Kevin\Desktop\sentdexTensorflow\Images\train\redo\ACS-12.jpg</path>
	<source>
		<database>Unknown</database>
	</source>
	<size>
		<width>648</width>
		<height>972</height>
		<depth>3</depth>
	</size>
	<segmented>0</segmented>
	<object>
		<name>wrench</name>
		<pose>Unspecified</pose>
		<truncated>0</truncated>
		<difficult>0</difficult>
		<bndbox>
			<xmin>241</xmin>
			<ymin>10</ymin>
			<xmax>425</xmax>
			<ymax>954</ymax>
		</bndbox>
	</object>
</annotation>
