<annotation>
	<folder>Pliers</folder>
	<filename>AK83452.V2.jpg</filename>
	<path>C:\Users\Kevin\Desktop\sentdexTensorflow\Images\Pliers\AK83452.V2.jpg</path>
	<source>
		<database>Unknown</database>
	</source>
	<size>
		<width>1181</width>
		<height>1018</height>
		<depth>3</depth>
	</size>
	<segmented>0</segmented>
	<object>
		<name>pliers</name>
		<pose>Unspecified</pose>
		<truncated>0</truncated>
		<difficult>0</difficult>
		<bndbox>
			<xmin>89</xmin>
			<ymin>278</ymin>
			<xmax>903</xmax>
			<ymax>786</ymax>
		</bndbox>
	</object>
</annotation>
