<annotation>
	<folder>Pliers</folder>
	<filename>all-trades-needle-nose-pliers-c8crlnp-64_400_compressed.jpg</filename>
	<path>C:\Users\Kevin\Desktop\sentdexTensorflow\Images\Pliers\all-trades-needle-nose-pliers-c8crlnp-64_400_compressed.jpg</path>
	<source>
		<database>Unknown</database>
	</source>
	<size>
		<width>400</width>
		<height>400</height>
		<depth>3</depth>
	</size>
	<segmented>0</segmented>
	<object>
		<name>pliers</name>
		<pose>Unspecified</pose>
		<truncated>0</truncated>
		<difficult>0</difficult>
		<bndbox>
			<xmin>5</xmin>
			<ymin>118</ymin>
			<xmax>395</xmax>
			<ymax>277</ymax>
		</bndbox>
	</object>
</annotation>
