<annotation>
	<folder>redo</folder>
	<filename>allenite_oe1618_wrench_panel_f_cropped_inset.jpg</filename>
	<path>C:\Users\Kevin\Desktop\sentdexTensorflow\Images\train\redo\allenite_oe1618_wrench_panel_f_cropped_inset.jpg</path>
	<source>
		<database>Unknown</database>
	</source>
	<size>
		<width>762</width>
		<height>420</height>
		<depth>3</depth>
	</size>
	<segmented>0</segmented>
	<object>
		<name>wrench</name>
		<pose>Unspecified</pose>
		<truncated>0</truncated>
		<difficult>0</difficult>
		<bndbox>
			<xmin>10</xmin>
			<ymin>24</ymin>
			<xmax>752</xmax>
			<ymax>184</ymax>
		</bndbox>
	</object>
	<object>
		<name>wrench</name>
		<pose>Unspecified</pose>
		<truncated>0</truncated>
		<difficult>0</difficult>
		<bndbox>
			<xmin>13</xmin>
			<ymin>204</ymin>
			<xmax>753</xmax>
			<ymax>365</ymax>
		</bndbox>
	</object>
</annotation>
