<annotation>
	<folder>Box Wrench</folder>
	<filename>ARM_26-079_FRNT_MAIN_3.jpg</filename>
	<path>C:\Users\Kevin\Desktop\sentdexTensorflow\Images\Box Wrench\ARM_26-079_FRNT_MAIN_3.jpg</path>
	<source>
		<database>Unknown</database>
	</source>
	<size>
		<width>1200</width>
		<height>1200</height>
		<depth>3</depth>
	</size>
	<segmented>0</segmented>
	<object>
		<name>wrench</name>
		<pose>Unspecified</pose>
		<truncated>0</truncated>
		<difficult>0</difficult>
		<bndbox>
			<xmin>82</xmin>
			<ymin>496</ymin>
			<xmax>1123</xmax>
			<ymax>701</ymax>
		</bndbox>
	</object>
</annotation>
