<annotation>
	<folder>Box Wrench</folder>
	<filename>armstrong_oe2426_1731_wrench_armaloy_f_cropped_inset.jpg</filename>
	<path>C:\Users\Kevin\Desktop\sentdexTensorflow\Images\Box Wrench\armstrong_oe2426_1731_wrench_armaloy_f_cropped_inset.jpg</path>
	<source>
		<database>Unknown</database>
	</source>
	<size>
		<width>1428</width>
		<height>690</height>
		<depth>3</depth>
	</size>
	<segmented>0</segmented>
	<object>
		<name>wrench</name>
		<pose>Unspecified</pose>
		<truncated>0</truncated>
		<difficult>0</difficult>
		<bndbox>
			<xmin>26</xmin>
			<ymin>33</ymin>
			<xmax>1409</xmax>
			<ymax>297</ymax>
		</bndbox>
	</object>
	<object>
		<name>wrench</name>
		<pose>Unspecified</pose>
		<truncated>0</truncated>
		<difficult>0</difficult>
		<bndbox>
			<xmin>24</xmin>
			<ymin>330</ymin>
			<xmax>1401</xmax>
			<ymax>599</ymax>
		</bndbox>
	</object>
</annotation>
