<annotation>
	<folder>Box Wrench</folder>
	<filename>armstrong_oe1619_a1025_wrench_cv_f_cropped_inset.jpg</filename>
	<path>C:\Users\Kevin\Desktop\sentdexTensorflow\Images\Box Wrench\armstrong_oe1619_a1025_wrench_cv_f_cropped_inset.jpg</path>
	<source>
		<database>Unknown</database>
	</source>
	<size>
		<width>1488</width>
		<height>840</height>
		<depth>3</depth>
	</size>
	<segmented>0</segmented>
	<object>
		<name>wrench</name>
		<pose>Unspecified</pose>
		<truncated>0</truncated>
		<difficult>0</difficult>
		<bndbox>
			<xmin>26</xmin>
			<ymin>33</ymin>
			<xmax>1468</xmax>
			<ymax>355</ymax>
		</bndbox>
	</object>
	<object>
		<name>wrench</name>
		<pose>Unspecified</pose>
		<truncated>0</truncated>
		<difficult>0</difficult>
		<bndbox>
			<xmin>24</xmin>
			<ymin>398</ymin>
			<xmax>1480</xmax>
			<ymax>728</ymax>
		</bndbox>
	</object>
</annotation>
