<annotation>
	<folder>Screwdriver</folder>
	<filename>b0f65d30-d3d3-46c0-87c4-b47b1c83b22b_1000.jpg</filename>
	<path>C:\Users\Kevin\Desktop\sentdexTensorflow\Images\Screwdriver\b0f65d30-d3d3-46c0-87c4-b47b1c83b22b_1000.jpg</path>
	<source>
		<database>Unknown</database>
	</source>
	<size>
		<width>1000</width>
		<height>1000</height>
		<depth>3</depth>
	</size>
	<segmented>0</segmented>
	<object>
		<name>screwdriver</name>
		<pose>Unspecified</pose>
		<truncated>0</truncated>
		<difficult>0</difficult>
		<bndbox>
			<xmin>27</xmin>
			<ymin>30</ymin>
			<xmax>971</xmax>
			<ymax>981</ymax>
		</bndbox>
	</object>
</annotation>
