<annotation>
	<folder>Box Wrench</folder>
	<filename>b5008518-f2be-44c6-9891-0384fb99948e_1000.jpg</filename>
	<path>C:\Users\Kevin\Desktop\sentdexTensorflow\Images\Box Wrench\b5008518-f2be-44c6-9891-0384fb99948e_1000.jpg</path>
	<source>
		<database>Unknown</database>
	</source>
	<size>
		<width>1000</width>
		<height>1000</height>
		<depth>3</depth>
	</size>
	<segmented>0</segmented>
	<object>
		<name>wrench</name>
		<pose>Unspecified</pose>
		<truncated>0</truncated>
		<difficult>0</difficult>
		<bndbox>
			<xmin>23</xmin>
			<ymin>411</ymin>
			<xmax>987</xmax>
			<ymax>578</ymax>
		</bndbox>
	</object>
</annotation>
