<annotation>
	<folder>Box Wrench</folder>
	<filename>b6ca68a3-fc7b-4083-9e85-75d33adce348_1000.jpg</filename>
	<path>C:\Users\Kevin\Desktop\sentdexTensorflow\Images\Box Wrench\b6ca68a3-fc7b-4083-9e85-75d33adce348_1000.jpg</path>
	<source>
		<database>Unknown</database>
	</source>
	<size>
		<width>1000</width>
		<height>1000</height>
		<depth>3</depth>
	</size>
	<segmented>0</segmented>
	<object>
		<name>wrench</name>
		<pose>Unspecified</pose>
		<truncated>0</truncated>
		<difficult>0</difficult>
		<bndbox>
			<xmin>5</xmin>
			<ymin>430</ymin>
			<xmax>998</xmax>
			<ymax>572</ymax>
		</bndbox>
	</object>
</annotation>
