<annotation>
	<folder>redo</folder>
	<filename>Basic_NeedleNose_Pliers.jpg</filename>
	<path>C:\Users\Kevin\Desktop\sentdexTensorflow\Images\train\redo\Basic_NeedleNose_Pliers.jpg</path>
	<source>
		<database>Unknown</database>
	</source>
	<size>
		<width>772</width>
		<height>515</height>
		<depth>3</depth>
	</size>
	<segmented>0</segmented>
	<object>
		<name>pliers</name>
		<pose>Unspecified</pose>
		<truncated>0</truncated>
		<difficult>0</difficult>
		<bndbox>
			<xmin>15</xmin>
			<ymin>47</ymin>
			<xmax>732</xmax>
			<ymax>487</ymax>
		</bndbox>
	</object>
</annotation>
