<annotation>
	<folder>redo</folder>
	<filename>Bent-nose-pliers.jpg</filename>
	<path>C:\Users\Kevin\Desktop\sentdexTensorflow\Images\train\redo\Bent-nose-pliers.jpg</path>
	<source>
		<database>Unknown</database>
	</source>
	<size>
		<width>1027</width>
		<height>578</height>
		<depth>3</depth>
	</size>
	<segmented>0</segmented>
	<object>
		<name>pliers</name>
		<pose>Unspecified</pose>
		<truncated>1</truncated>
		<difficult>0</difficult>
		<bndbox>
			<xmin>1</xmin>
			<ymin>140</ymin>
			<xmax>993</xmax>
			<ymax>501</ymax>
		</bndbox>
	</object>
</annotation>
