<annotation>
	<folder>Pliers</folder>
	<filename>berkley-6-bent-pliers.jpg</filename>
	<path>C:\Users\Kevin\Desktop\sentdexTensorflow\Images\Pliers\berkley-6-bent-pliers.jpg</path>
	<source>
		<database>Unknown</database>
	</source>
	<size>
		<width>640</width>
		<height>640</height>
		<depth>3</depth>
	</size>
	<segmented>0</segmented>
	<object>
		<name>pliers</name>
		<pose>Unspecified</pose>
		<truncated>0</truncated>
		<difficult>0</difficult>
		<bndbox>
			<xmin>37</xmin>
			<ymin>188</ymin>
			<xmax>602</xmax>
			<ymax>464</ymax>
		</bndbox>
	</object>
</annotation>
