<annotation>
	<folder>Pliers</folder>
	<filename>Black127mmMetalLongNeedleNosePliersJewelryMakingHandTool-SKUspanitemprop209568-5-800x800.jpg</filename>
	<path>C:\Users\Kevin\Desktop\sentdexTensorflow\Images\Pliers\Black127mmMetalLongNeedleNosePliersJewelryMakingHandTool-SKUspanitemprop209568-5-800x800.jpg</path>
	<source>
		<database>Unknown</database>
	</source>
	<size>
		<width>800</width>
		<height>800</height>
		<depth>3</depth>
	</size>
	<segmented>0</segmented>
	<object>
		<name>pliers</name>
		<pose>Unspecified</pose>
		<truncated>0</truncated>
		<difficult>0</difficult>
		<bndbox>
			<xmin>44</xmin>
			<ymin>76</ymin>
			<xmax>761</xmax>
			<ymax>771</ymax>
		</bndbox>
	</object>
</annotation>
