<annotation>
	<folder>Pliers</folder>
	<filename>c73fda82-b3de-c4d1-b3b5-32ac126f4d9a.jpg</filename>
	<path>C:\Users\Kevin\Desktop\sentdexTensorflow\Images\Pliers\c73fda82-b3de-c4d1-b3b5-32ac126f4d9a.jpg</path>
	<source>
		<database>Unknown</database>
	</source>
	<size>
		<width>1200</width>
		<height>1200</height>
		<depth>3</depth>
	</size>
	<segmented>0</segmented>
	<object>
		<name>pliers</name>
		<pose>Unspecified</pose>
		<truncated>0</truncated>
		<difficult>0</difficult>
		<bndbox>
			<xmin>26</xmin>
			<ymin>5</ymin>
			<xmax>1188</xmax>
			<ymax>1190</ymax>
		</bndbox>
	</object>
</annotation>
