<annotation>
	<folder>redo</folder>
	<filename>Cancaved-Panel-Combination-Wrench-DB6210-.jpg</filename>
	<path>C:\Users\Kevin\Desktop\sentdexTensorflow\Images\train\redo\Cancaved-Panel-Combination-Wrench-DB6210-.jpg</path>
	<source>
		<database>Unknown</database>
	</source>
	<size>
		<width>1581</width>
		<height>891</height>
		<depth>3</depth>
	</size>
	<segmented>0</segmented>
	<object>
		<name>wrench</name>
		<pose>Unspecified</pose>
		<truncated>1</truncated>
		<difficult>0</difficult>
		<bndbox>
			<xmin>1</xmin>
			<ymin>1</ymin>
			<xmax>1581</xmax>
			<ymax>891</ymax>
		</bndbox>
	</object>
</annotation>
