<annotation>
	<folder>Box Wrench</folder>
	<filename>cc3be78d-bb67-4559-b888-ec0c0511ab8e_300.jpg</filename>
	<path>C:\Users\Kevin\Desktop\sentdexTensorflow\Images\Box Wrench\cc3be78d-bb67-4559-b888-ec0c0511ab8e_300.jpg</path>
	<source>
		<database>Unknown</database>
	</source>
	<size>
		<width>300</width>
		<height>300</height>
		<depth>3</depth>
	</size>
	<segmented>0</segmented>
	<object>
		<name>wrench</name>
		<pose>Unspecified</pose>
		<truncated>0</truncated>
		<difficult>0</difficult>
		<bndbox>
			<xmin>9</xmin>
			<ymin>6</ymin>
			<xmax>293</xmax>
			<ymax>297</ymax>
		</bndbox>
	</object>
</annotation>
