<annotation>
	<folder>Pliers</folder>
	<filename>channellock-all-trades-needle-nose-pliers-317z-64_400_compressed.jpg</filename>
	<path>C:\Users\Kevin\Desktop\sentdexTensorflow\Images\Pliers\channellock-all-trades-needle-nose-pliers-317z-64_400_compressed.jpg</path>
	<source>
		<database>Unknown</database>
	</source>
	<size>
		<width>400</width>
		<height>400</height>
		<depth>3</depth>
	</size>
	<segmented>0</segmented>
	<object>
		<name>pliers</name>
		<pose>Unspecified</pose>
		<truncated>1</truncated>
		<difficult>0</difficult>
		<bndbox>
			<xmin>1</xmin>
			<ymin>3</ymin>
			<xmax>400</xmax>
			<ymax>398</ymax>
		</bndbox>
	</object>
</annotation>
