<annotation>
	<folder>redo</folder>
	<filename>Combination-Wrench-Spanner-DB6110-.jpg</filename>
	<path>C:\Users\Kevin\Desktop\sentdexTensorflow\Images\train\redo\Combination-Wrench-Spanner-DB6110-.jpg</path>
	<source>
		<database>Unknown</database>
	</source>
	<size>
		<width>1422</width>
		<height>824</height>
		<depth>3</depth>
	</size>
	<segmented>0</segmented>
	<object>
		<name>wrench</name>
		<pose>Unspecified</pose>
		<truncated>1</truncated>
		<difficult>0</difficult>
		<bndbox>
			<xmin>1</xmin>
			<ymin>1</ymin>
			<xmax>1422</xmax>
			<ymax>824</ymax>
		</bndbox>
	</object>
</annotation>
