<annotation>
	<folder>Box Wrench</folder>
	<filename>combination-wrench-590rr033010.jpg</filename>
	<path>C:\Users\Kevin\Desktop\sentdexTensorflow\Images\Box Wrench\combination-wrench-590rr033010.jpg</path>
	<source>
		<database>Unknown</database>
	</source>
	<size>
		<width>590</width>
		<height>393</height>
		<depth>3</depth>
	</size>
	<segmented>0</segmented>
	<object>
		<name>wrench</name>
		<pose>Unspecified</pose>
		<truncated>0</truncated>
		<difficult>0</difficult>
		<bndbox>
			<xmin>62</xmin>
			<ymin>48</ymin>
			<xmax>546</xmax>
			<ymax>348</ymax>
		</bndbox>
	</object>
</annotation>
