<annotation>
	<folder>Box Wrench</folder>
	<filename>crescent_oe2024_c1729_wrench_f_cropped_inset.jpg</filename>
	<path>C:\Users\Kevin\Desktop\sentdexTensorflow\Images\Box Wrench\crescent_oe2024_c1729_wrench_f_cropped_inset.jpg</path>
	<source>
		<database>Unknown</database>
	</source>
	<size>
		<width>1482</width>
		<height>786</height>
		<depth>3</depth>
	</size>
	<segmented>0</segmented>
	<object>
		<name>wrench</name>
		<pose>Unspecified</pose>
		<truncated>0</truncated>
		<difficult>0</difficult>
		<bndbox>
			<xmin>20</xmin>
			<ymin>30</ymin>
			<xmax>1457</xmax>
			<ymax>339</ymax>
		</bndbox>
	</object>
	<object>
		<name>wrench</name>
		<pose>Unspecified</pose>
		<truncated>0</truncated>
		<difficult>0</difficult>
		<bndbox>
			<xmin>22</xmin>
			<ymin>366</ymin>
			<xmax>1459</xmax>
			<ymax>674</ymax>
		</bndbox>
	</object>
</annotation>
