<annotation>
	<folder>redo</folder>
	<filename>csm_GEDORE_Flachrundzange_8628e676fb.png</filename>
	<path>C:\Users\Kevin\Desktop\sentdexTensorflow\Images\train\redo\csm_GEDORE_Flachrundzange_8628e676fb.png</path>
	<source>
		<database>Unknown</database>
	</source>
	<size>
		<width>800</width>
		<height>552</height>
		<depth>3</depth>
	</size>
	<segmented>0</segmented>
	<object>
		<name>pliers</name>
		<pose>Unspecified</pose>
		<truncated>0</truncated>
		<difficult>0</difficult>
		<bndbox>
			<xmin>60</xmin>
			<ymin>105</ymin>
			<xmax>739</xmax>
			<ymax>512</ymax>
		</bndbox>
	</object>
</annotation>
