<annotation>
	<folder>redo</folder>
	<filename>csm_GEDORE_3K_Schraubendreher_62ad7bd5da.png</filename>
	<path>C:\Users\Kevin\Desktop\sentdexTensorflow\Images\train\redo\csm_GEDORE_3K_Schraubendreher_62ad7bd5da.png</path>
	<source>
		<database>Unknown</database>
	</source>
	<size>
		<width>800</width>
		<height>552</height>
		<depth>3</depth>
	</size>
	<segmented>0</segmented>
	<object>
		<name>screwdriver</name>
		<pose>Unspecified</pose>
		<truncated>0</truncated>
		<difficult>0</difficult>
		<bndbox>
			<xmin>123</xmin>
			<ymin>24</ymin>
			<xmax>695</xmax>
			<ymax>541</ymax>
		</bndbox>
	</object>
</annotation>
