<annotation>
	<folder>Box Wrench</folder>
	<filename>CT-9517D_000.jpg</filename>
	<path>C:\Users\Kevin\Desktop\sentdexTensorflow\Images\Box Wrench\CT-9517D_000.jpg</path>
	<source>
		<database>Unknown</database>
	</source>
	<size>
		<width>1024</width>
		<height>1024</height>
		<depth>3</depth>
	</size>
	<segmented>0</segmented>
	<object>
		<name>wrench</name>
		<pose>Unspecified</pose>
		<truncated>0</truncated>
		<difficult>0</difficult>
		<bndbox>
			<xmin>28</xmin>
			<ymin>371</ymin>
			<xmax>1016</xmax>
			<ymax>652</ymax>
		</bndbox>
	</object>
</annotation>
