<annotation>
	<folder>Pliers</folder>
	<filename>d318-5-1-2c.jpg</filename>
	<path>C:\Users\Kevin\Desktop\sentdexTensorflow\Images\Pliers\d318-5-1-2c.jpg</path>
	<source>
		<database>Unknown</database>
	</source>
	<size>
		<width>1000</width>
		<height>1000</height>
		<depth>3</depth>
	</size>
	<segmented>0</segmented>
	<object>
		<name>pliers</name>
		<pose>Unspecified</pose>
		<truncated>0</truncated>
		<difficult>0</difficult>
		<bndbox>
			<xmin>82</xmin>
			<ymin>314</ymin>
			<xmax>939</xmax>
			<ymax>691</ymax>
		</bndbox>
	</object>
</annotation>
