<annotation>
	<folder>Screwdriver</folder>
	<filename>d9e1b87f-c0cd-45bd-b2ba-27efb72933e8.jpg</filename>
	<path>C:\Users\Kevin\Desktop\sentdexTensorflow\Images\Screwdriver\d9e1b87f-c0cd-45bd-b2ba-27efb72933e8.jpg</path>
	<source>
		<database>Unknown</database>
	</source>
	<size>
		<width>800</width>
		<height>800</height>
		<depth>3</depth>
	</size>
	<segmented>0</segmented>
	<object>
		<name>screwdriver</name>
		<pose>Unspecified</pose>
		<truncated>0</truncated>
		<difficult>0</difficult>
		<bndbox>
			<xmin>28</xmin>
			<ymin>287</ymin>
			<xmax>753</xmax>
			<ymax>532</ymax>
		</bndbox>
	</object>
</annotation>
