<annotation>
	<folder>redo</folder>
	<filename>dB7230-Double-Open-End-Wrench-Spanner-Dipped-Rubber-Handle-.jpg</filename>
	<path>C:\Users\Kevin\Desktop\sentdexTensorflow\Images\train\redo\dB7230-Double-Open-End-Wrench-Spanner-Dipped-Rubber-Handle-.jpg</path>
	<source>
		<database>Unknown</database>
	</source>
	<size>
		<width>1289</width>
		<height>676</height>
		<depth>3</depth>
	</size>
	<segmented>0</segmented>
	<object>
		<name>wrench</name>
		<pose>Unspecified</pose>
		<truncated>1</truncated>
		<difficult>0</difficult>
		<bndbox>
			<xmin>1</xmin>
			<ymin>1</ymin>
			<xmax>1288</xmax>
			<ymax>676</ymax>
		</bndbox>
	</object>
</annotation>
