<annotation>
	<folder>redo</folder>
	<filename>DB7220-Double-Open-End-Wrench-Spanner-Flat-Panel-.jpg</filename>
	<path>C:\Users\Kevin\Desktop\sentdexTensorflow\Images\train\redo\DB7220-Double-Open-End-Wrench-Spanner-Flat-Panel-.jpg</path>
	<source>
		<database>Unknown</database>
	</source>
	<size>
		<width>1067</width>
		<height>530</height>
		<depth>3</depth>
	</size>
	<segmented>0</segmented>
	<object>
		<name>wrench</name>
		<pose>Unspecified</pose>
		<truncated>1</truncated>
		<difficult>0</difficult>
		<bndbox>
			<xmin>1</xmin>
			<ymin>1</ymin>
			<xmax>1067</xmax>
			<ymax>530</ymax>
		</bndbox>
	</object>
</annotation>
