<annotation>
	<folder>Pliers</folder>
	<filename>dbcba307-2fc4-4312-974b-9b4f1261524b._SR970,300_.jpg</filename>
	<path>C:\Users\Kevin\Desktop\sentdexTensorflow\Images\Pliers\dbcba307-2fc4-4312-974b-9b4f1261524b._SR970,300_.jpg</path>
	<source>
		<database>Unknown</database>
	</source>
	<size>
		<width>970</width>
		<height>300</height>
		<depth>3</depth>
	</size>
	<segmented>0</segmented>
	<object>
		<name>pliers</name>
		<pose>Unspecified</pose>
		<truncated>1</truncated>
		<difficult>0</difficult>
		<bndbox>
			<xmin>237</xmin>
			<ymin>7</ymin>
			<xmax>970</xmax>
			<ymax>236</ymax>
		</bndbox>
	</object>
</annotation>
