<annotation>
	<folder>Box Wrench</folder>
	<filename>dd165a36-9881-47ff-8385-987e36287759_1000.jpg</filename>
	<path>C:\Users\Kevin\Desktop\sentdexTensorflow\Images\Box Wrench\dd165a36-9881-47ff-8385-987e36287759_1000.jpg</path>
	<source>
		<database>Unknown</database>
	</source>
	<size>
		<width>1000</width>
		<height>1000</height>
		<depth>3</depth>
	</size>
	<segmented>0</segmented>
	<object>
		<name>wrench</name>
		<pose>Unspecified</pose>
		<truncated>0</truncated>
		<difficult>0</difficult>
		<bndbox>
			<xmin>13</xmin>
			<ymin>420</ymin>
			<xmax>988</xmax>
			<ymax>574</ymax>
		</bndbox>
	</object>
</annotation>
