<annotation>
	<folder>redo</folder>
	<filename>DemoDriver_beauty-Cutaway-RGB.jpg</filename>
	<path>C:\Users\Kevin\Desktop\sentdexTensorflow\Images\train\redo\DemoDriver_beauty-Cutaway-RGB.jpg</path>
	<source>
		<database>Unknown</database>
	</source>
	<size>
		<width>994</width>
		<height>900</height>
		<depth>3</depth>
	</size>
	<segmented>0</segmented>
	<object>
		<name>screwdriver</name>
		<pose>Unspecified</pose>
		<truncated>0</truncated>
		<difficult>0</difficult>
		<bndbox>
			<xmin>37</xmin>
			<ymin>21</ymin>
			<xmax>931</xmax>
			<ymax>847</ymax>
		</bndbox>
	</object>
</annotation>
