<annotation>
	<folder>Box Wrench</folder>
	<filename>double-open-end-wrench-12-x-14mm-iron-silver.jpg</filename>
	<path>C:\Users\Kevin\Desktop\sentdexTensorflow\Images\Box Wrench\double-open-end-wrench-12-x-14mm-iron-silver.jpg</path>
	<source>
		<database>Unknown</database>
	</source>
	<size>
		<width>1100</width>
		<height>1100</height>
		<depth>3</depth>
	</size>
	<segmented>0</segmented>
	<object>
		<name>wrench</name>
		<pose>Unspecified</pose>
		<truncated>1</truncated>
		<difficult>0</difficult>
		<bndbox>
			<xmin>1</xmin>
			<ymin>223</ymin>
			<xmax>1096</xmax>
			<ymax>829</ymax>
		</bndbox>
	</object>
</annotation>
