<annotation>
	<folder>Pliers</folder>
	<filename>draper-32012-expert-knipex-fully-insulated-long-nose-pliers-200mm-264-p.jpg</filename>
	<path>C:\Users\Kevin\Desktop\sentdexTensorflow\Images\Pliers\draper-32012-expert-knipex-fully-insulated-long-nose-pliers-200mm-264-p.jpg</path>
	<source>
		<database>Unknown</database>
	</source>
	<size>
		<width>800</width>
		<height>800</height>
		<depth>3</depth>
	</size>
	<segmented>0</segmented>
	<object>
		<name>pliers</name>
		<pose>Unspecified</pose>
		<truncated>0</truncated>
		<difficult>0</difficult>
		<bndbox>
			<xmin>100</xmin>
			<ymin>118</ymin>
			<xmax>735</xmax>
			<ymax>718</ymax>
		</bndbox>
	</object>
</annotation>
