<annotation>
	<folder>Box Wrench</folder>
	<filename>EUROPEAN TYPE COMBINATION WRENCH.jpg</filename>
	<path>C:\Users\Kevin\Desktop\sentdexTensorflow\Images\Box Wrench\EUROPEAN TYPE COMBINATION WRENCH.jpg</path>
	<source>
		<database>Unknown</database>
	</source>
	<size>
		<width>500</width>
		<height>335</height>
		<depth>3</depth>
	</size>
	<segmented>0</segmented>
	<object>
		<name>wrench</name>
		<pose>Unspecified</pose>
		<truncated>0</truncated>
		<difficult>0</difficult>
		<bndbox>
			<xmin>39</xmin>
			<ymin>40</ymin>
			<xmax>469</xmax>
			<ymax>307</ymax>
		</bndbox>
	</object>
</annotation>
