<annotation>
	<folder>Pliers</folder>
	<filename>exl55580.jpg</filename>
	<path>C:\Users\Kevin\Desktop\sentdexTensorflow\Images\Pliers\exl55580.jpg</path>
	<source>
		<database>Unknown</database>
	</source>
	<size>
		<width>1199</width>
		<height>960</height>
		<depth>3</depth>
	</size>
	<segmented>0</segmented>
	<object>
		<name>pliers</name>
		<pose>Unspecified</pose>
		<truncated>0</truncated>
		<difficult>0</difficult>
		<bndbox>
			<xmin>18</xmin>
			<ymin>93</ymin>
			<xmax>1184</xmax>
			<ymax>720</ymax>
		</bndbox>
	</object>
</annotation>
