<annotation>
	<folder>Screwdriver</folder>
	<filename>F0547975-01.jpg</filename>
	<path>C:\Users\Kevin\Desktop\sentdexTensorflow\Images\Screwdriver\F0547975-01.jpg</path>
	<source>
		<database>Unknown</database>
	</source>
	<size>
		<width>444</width>
		<height>287</height>
		<depth>3</depth>
	</size>
	<segmented>0</segmented>
	<object>
		<name>screwdriver</name>
		<pose>Unspecified</pose>
		<truncated>0</truncated>
		<difficult>0</difficult>
		<bndbox>
			<xmin>8</xmin>
			<ymin>6</ymin>
			<xmax>437</xmax>
			<ymax>280</ymax>
		</bndbox>
	</object>
</annotation>
