<annotation>
	<folder>Screwdriver</folder>
	<filename>f86a3adc-32df-4287-8d07-b7b2a402f64b_1000.jpg</filename>
	<path>C:\Users\Kevin\Desktop\sentdexTensorflow\Images\Screwdriver\f86a3adc-32df-4287-8d07-b7b2a402f64b_1000.jpg</path>
	<source>
		<database>Unknown</database>
	</source>
	<size>
		<width>1000</width>
		<height>1000</height>
		<depth>3</depth>
	</size>
	<segmented>0</segmented>
	<object>
		<name>screwdriver</name>
		<pose>Unspecified</pose>
		<truncated>0</truncated>
		<difficult>0</difficult>
		<bndbox>
			<xmin>23</xmin>
			<ymin>23</ymin>
			<xmax>982</xmax>
			<ymax>979</ymax>
		</bndbox>
	</object>
</annotation>
