<annotation>
	<folder>Screwdriver</folder>
	<filename>Flat-Screwdriver-Tools-Electrician-Tester.jpg</filename>
	<path>C:\Users\Kevin\Desktop\sentdexTensorflow\Images\Screwdriver\Flat-Screwdriver-Tools-Electrician-Tester.jpg</path>
	<source>
		<database>Unknown</database>
	</source>
	<size>
		<width>1180</width>
		<height>886</height>
		<depth>3</depth>
	</size>
	<segmented>0</segmented>
	<object>
		<name>screwdriver</name>
		<pose>Unspecified</pose>
		<truncated>0</truncated>
		<difficult>0</difficult>
		<bndbox>
			<xmin>23</xmin>
			<ymin>195</ymin>
			<xmax>1119</xmax>
			<ymax>432</ymax>
		</bndbox>
	</object>
	<object>
		<name>screwdriver</name>
		<pose>Unspecified</pose>
		<truncated>0</truncated>
		<difficult>0</difficult>
		<bndbox>
			<xmin>88</xmin>
			<ymin>309</ymin>
			<xmax>1156</xmax>
			<ymax>852</ymax>
		</bndbox>
	</object>
</annotation>
