<annotation>
	<folder>redo</folder>
	<filename>Flat_minus_screwdriver_on_table.jpg</filename>
	<path>C:\Users\Kevin\Desktop\sentdexTensorflow\Images\train\redo\Flat_minus_screwdriver_on_table.jpg</path>
	<source>
		<database>Unknown</database>
	</source>
	<size>
		<width>1280</width>
		<height>960</height>
		<depth>3</depth>
	</size>
	<segmented>0</segmented>
	<object>
		<name>screwdriver</name>
		<pose>Unspecified</pose>
		<truncated>0</truncated>
		<difficult>0</difficult>
		<bndbox>
			<xmin>42</xmin>
			<ymin>182</ymin>
			<xmax>1152</xmax>
			<ymax>870</ymax>
		</bndbox>
	</object>
</annotation>
