<annotation>
	<folder>Pliers</folder>
	<filename>Fn-Need-L-Lock_CrimpingPliers_01a__0.jpg</filename>
	<path>C:\Users\Kevin\Desktop\sentdexTensorflow\Images\Pliers\Fn-Need-L-Lock_CrimpingPliers_01a__0.jpg</path>
	<source>
		<database>Unknown</database>
	</source>
	<size>
		<width>488</width>
		<height>385</height>
		<depth>3</depth>
	</size>
	<segmented>0</segmented>
	<object>
		<name>pliers</name>
		<pose>Unspecified</pose>
		<truncated>0</truncated>
		<difficult>0</difficult>
		<bndbox>
			<xmin>69</xmin>
			<ymin>36</ymin>
			<xmax>418</xmax>
			<ymax>343</ymax>
		</bndbox>
	</object>
</annotation>
