<annotation>
	<folder>Screwdriver</folder>
	<filename>freebies2deals-stanley.jpg</filename>
	<path>C:\Users\Kevin\Desktop\sentdexTensorflow\Images\Screwdriver\freebies2deals-stanley.jpg</path>
	<source>
		<database>Unknown</database>
	</source>
	<size>
		<width>1500</width>
		<height>884</height>
		<depth>3</depth>
	</size>
	<segmented>0</segmented>
	<object>
		<name>screwdriver</name>
		<pose>Unspecified</pose>
		<truncated>0</truncated>
		<difficult>0</difficult>
		<bndbox>
			<xmin>64</xmin>
			<ymin>67</ymin>
			<xmax>1447</xmax>
			<ymax>827</ymax>
		</bndbox>
	</object>
</annotation>
