<annotation>
	<folder>Box Wrench</folder>
	<filename>gedore-open-end-wrenches-6063830-64_400_compressed.jpg</filename>
	<path>C:\Users\Kevin\Desktop\sentdexTensorflow\Images\Box Wrench\gedore-open-end-wrenches-6063830-64_400_compressed.jpg</path>
	<source>
		<database>Unknown</database>
	</source>
	<size>
		<width>400</width>
		<height>400</height>
		<depth>3</depth>
	</size>
	<segmented>0</segmented>
	<object>
		<name>wrench</name>
		<pose>Unspecified</pose>
		<truncated>0</truncated>
		<difficult>0</difficult>
		<bndbox>
			<xmin>2</xmin>
			<ymin>57</ymin>
			<xmax>398</xmax>
			<ymax>338</ymax>
		</bndbox>
	</object>
</annotation>
