<annotation>
	<folder>Box Wrench</folder>
	<filename>GW_85518_FRNT_MAIN_2.jpg</filename>
	<path>C:\Users\Kevin\Desktop\sentdexTensorflow\Images\Box Wrench\GW_85518_FRNT_MAIN_2.jpg</path>
	<source>
		<database>Unknown</database>
	</source>
	<size>
		<width>1200</width>
		<height>1200</height>
		<depth>3</depth>
	</size>
	<segmented>0</segmented>
	<object>
		<name>wrench</name>
		<pose>Unspecified</pose>
		<truncated>0</truncated>
		<difficult>0</difficult>
		<bndbox>
			<xmin>31</xmin>
			<ymin>497</ymin>
			<xmax>1172</xmax>
			<ymax>695</ymax>
		</bndbox>
	</object>
</annotation>
