<annotation>
	<folder>Pliers</folder>
	<filename>husky-all-trades-needle-nose-pliers-99474-64_1000.jpg</filename>
	<path>C:\Users\Kevin\Desktop\sentdexTensorflow\Images\Pliers\husky-all-trades-needle-nose-pliers-99474-64_1000.jpg</path>
	<source>
		<database>Unknown</database>
	</source>
	<size>
		<width>1000</width>
		<height>1000</height>
		<depth>1</depth>
	</size>
	<segmented>0</segmented>
	<object>
		<name>pliers</name>
		<pose>Unspecified</pose>
		<truncated>0</truncated>
		<difficult>0</difficult>
		<bndbox>
			<xmin>49</xmin>
			<ymin>235</ymin>
			<xmax>945</xmax>
			<ymax>793</ymax>
		</bndbox>
	</object>
</annotation>
