<annotation>
	<folder>Pliers</folder>
	<filename>iCg_LONGNOSEPLIERS.jpg</filename>
	<path>C:\Users\Kevin\Desktop\sentdexTensorflow\Images\Pliers\iCg_LONGNOSEPLIERS.jpg</path>
	<source>
		<database>Unknown</database>
	</source>
	<size>
		<width>725</width>
		<height>725</height>
		<depth>3</depth>
	</size>
	<segmented>0</segmented>
	<object>
		<name>pliers</name>
		<pose>Unspecified</pose>
		<truncated>0</truncated>
		<difficult>0</difficult>
		<bndbox>
			<xmin>4</xmin>
			<ymin>133</ymin>
			<xmax>720</xmax>
			<ymax>592</ymax>
		</bndbox>
	</object>
</annotation>
