<annotation>
	<folder>Pliers</folder>
	<filename>il_fullxfull.843965274_sm6h.jpg</filename>
	<path>C:\Users\Kevin\Desktop\sentdexTensorflow\Images\Pliers\il_fullxfull.843965274_sm6h.jpg</path>
	<source>
		<database>Unknown</database>
	</source>
	<size>
		<width>1285</width>
		<height>1284</height>
		<depth>3</depth>
	</size>
	<segmented>0</segmented>
	<object>
		<name>pliers</name>
		<pose>Unspecified</pose>
		<truncated>0</truncated>
		<difficult>0</difficult>
		<bndbox>
			<xmin>190</xmin>
			<ymin>214</ymin>
			<xmax>1144</xmax>
			<ymax>1084</ymax>
		</bndbox>
	</object>
</annotation>
