<annotation>
	<folder>Screwdriver</folder>
	<filename>IMG_1838__81345.1444082596.500.659.jpg</filename>
	<path>C:\Users\Kevin\Desktop\sentdexTensorflow\Images\Screwdriver\IMG_1838__81345.1444082596.500.659.jpg</path>
	<source>
		<database>Unknown</database>
	</source>
	<size>
		<width>500</width>
		<height>375</height>
		<depth>3</depth>
	</size>
	<segmented>0</segmented>
	<object>
		<name>screwdriver</name>
		<pose>Unspecified</pose>
		<truncated>0</truncated>
		<difficult>0</difficult>
		<bndbox>
			<xmin>25</xmin>
			<ymin>29</ymin>
			<xmax>463</xmax>
			<ymax>361</ymax>
		</bndbox>
	</object>
</annotation>
