<annotation>
	<folder>Pliers</folder>
	<filename>IndustrialPliers.jpg</filename>
	<path>C:\Users\Kevin\Desktop\sentdexTensorflow\Images\Pliers\IndustrialPliers.jpg</path>
	<source>
		<database>Unknown</database>
	</source>
	<size>
		<width>1552</width>
		<height>926</height>
		<depth>3</depth>
	</size>
	<segmented>0</segmented>
	<object>
		<name>pliers</name>
		<pose>Unspecified</pose>
		<truncated>0</truncated>
		<difficult>0</difficult>
		<bndbox>
			<xmin>9</xmin>
			<ymin>17</ymin>
			<xmax>1543</xmax>
			<ymax>921</ymax>
		</bndbox>
	</object>
</annotation>
