<annotation>
	<folder>Screwdriver</folder>
	<filename>irwin-torquezone™-8-pc-screwdriver-set-2440.jpg</filename>
	<path>C:\Users\Kevin\Desktop\sentdexTensorflow\Images\Screwdriver\irwin-torquezone™-8-pc-screwdriver-set-2440.jpg</path>
	<source>
		<database>Unknown</database>
	</source>
	<size>
		<width>320</width>
		<height>320</height>
		<depth>3</depth>
	</size>
	<segmented>0</segmented>
	<object>
		<name>screwdriver</name>
		<pose>Unspecified</pose>
		<truncated>0</truncated>
		<difficult>0</difficult>
		<bndbox>
			<xmin>3</xmin>
			<ymin>60</ymin>
			<xmax>316</xmax>
			<ymax>259</ymax>
		</bndbox>
	</object>
</annotation>
