<annotation>
	<folder>redo</folder>
	<filename>JSCV24A.jpg</filename>
	<path>C:\Users\Kevin\Desktop\sentdexTensorflow\Images\train\redo\JSCV24A.jpg</path>
	<source>
		<database>Unknown</database>
	</source>
	<size>
		<width>1064</width>
		<height>708</height>
		<depth>3</depth>
	</size>
	<segmented>0</segmented>
	<object>
		<name>wrench</name>
		<pose>Unspecified</pose>
		<truncated>0</truncated>
		<difficult>0</difficult>
		<bndbox>
			<xmin>72</xmin>
			<ymin>77</ymin>
			<xmax>975</xmax>
			<ymax>626</ymax>
		</bndbox>
	</object>
</annotation>
