<annotation>
	<folder>Pliers</folder>
	<filename>kdt82002.jpg</filename>
	<path>C:\Users\Kevin\Desktop\sentdexTensorflow\Images\Pliers\kdt82002.jpg</path>
	<source>
		<database>Unknown</database>
	</source>
	<size>
		<width>600</width>
		<height>600</height>
		<depth>3</depth>
	</size>
	<segmented>0</segmented>
	<object>
		<name>pliers</name>
		<pose>Unspecified</pose>
		<truncated>0</truncated>
		<difficult>0</difficult>
		<bndbox>
			<xmin>14</xmin>
			<ymin>111</ymin>
			<xmax>586</xmax>
			<ymax>481</ymax>
		</bndbox>
	</object>
</annotation>
