<annotation>
	<folder>Box Wrench</folder>
	<filename>kingtony_f130s12_1_1.jpg</filename>
	<path>C:\Users\Kevin\Desktop\sentdexTensorflow\Images\Box Wrench\kingtony_f130s12_1_1.jpg</path>
	<source>
		<database>Unknown</database>
	</source>
	<size>
		<width>245</width>
		<height>245</height>
		<depth>3</depth>
	</size>
	<segmented>0</segmented>
	<object>
		<name>wrench</name>
		<pose>Unspecified</pose>
		<truncated>0</truncated>
		<difficult>0</difficult>
		<bndbox>
			<xmin>5</xmin>
			<ymin>102</ymin>
			<xmax>242</xmax>
			<ymax>142</ymax>
		</bndbox>
	</object>
</annotation>
