<annotation>
	<folder>Screwdriver</folder>
	<filename>klein-tools-slotted-screwdrivers-bd146-64_1000.jpg</filename>
	<path>C:\Users\Kevin\Desktop\sentdexTensorflow\Images\Screwdriver\klein-tools-slotted-screwdrivers-bd146-64_1000.jpg</path>
	<source>
		<database>Unknown</database>
	</source>
	<size>
		<width>1000</width>
		<height>1000</height>
		<depth>3</depth>
	</size>
	<segmented>0</segmented>
	<object>
		<name>screwdriver</name>
		<pose>Unspecified</pose>
		<truncated>0</truncated>
		<difficult>0</difficult>
		<bndbox>
			<xmin>4</xmin>
			<ymin>392</ymin>
			<xmax>991</xmax>
			<ymax>515</ymax>
		</bndbox>
	</object>
</annotation>
