<annotation>
	<folder>Screwdriver</folder>
	<filename>klein-tools-multi-bit-screwdrivers-32558-64_1000.jpg</filename>
	<path>C:\Users\Kevin\Desktop\sentdexTensorflow\Images\Screwdriver\klein-tools-multi-bit-screwdrivers-32558-64_1000.jpg</path>
	<source>
		<database>Unknown</database>
	</source>
	<size>
		<width>1000</width>
		<height>1000</height>
		<depth>3</depth>
	</size>
	<segmented>0</segmented>
	<object>
		<name>screwdriver</name>
		<pose>Unspecified</pose>
		<truncated>0</truncated>
		<difficult>0</difficult>
		<bndbox>
			<xmin>8</xmin>
			<ymin>406</ymin>
			<xmax>989</xmax>
			<ymax>591</ymax>
		</bndbox>
	</object>
</annotation>
