<annotation>
	<folder>redo</folder>
	<filename>Klein_Tools_D203-6.jpg</filename>
	<path>C:\Users\Kevin\Desktop\sentdexTensorflow\Images\train\redo\Klein_Tools_D203-6.jpg</path>
	<source>
		<database>Unknown</database>
	</source>
	<size>
		<width>900</width>
		<height>494</height>
		<depth>3</depth>
	</size>
	<segmented>0</segmented>
	<object>
		<name>pliers</name>
		<pose>Unspecified</pose>
		<truncated>0</truncated>
		<difficult>0</difficult>
		<bndbox>
			<xmin>54</xmin>
			<ymin>115</ymin>
			<xmax>880</xmax>
			<ymax>380</ymax>
		</bndbox>
	</object>
</annotation>
