<annotation>
	<folder>Pliers</folder>
	<filename>klein-tools-all-trades-needle-nose-pliers-203-7-eins-64_400_compressed.jpg</filename>
	<path>C:\Users\Kevin\Desktop\sentdexTensorflow\Images\Pliers\klein-tools-all-trades-needle-nose-pliers-203-7-eins-64_400_compressed.jpg</path>
	<source>
		<database>Unknown</database>
	</source>
	<size>
		<width>400</width>
		<height>400</height>
		<depth>3</depth>
	</size>
	<segmented>0</segmented>
	<object>
		<name>pliers</name>
		<pose>Unspecified</pose>
		<truncated>0</truncated>
		<difficult>0</difficult>
		<bndbox>
			<xmin>38</xmin>
			<ymin>149</ymin>
			<xmax>354</xmax>
			<ymax>259</ymax>
		</bndbox>
	</object>
</annotation>
