<annotation>
	<folder>Pliers</folder>
	<filename>klein-tools-electrician-s-needle-nose-pliers-d335-51-2c-64_1000.jpg</filename>
	<path>C:\Users\Kevin\Desktop\sentdexTensorflow\Images\Pliers\klein-tools-electrician-s-needle-nose-pliers-d335-51-2c-64_1000.jpg</path>
	<source>
		<database>Unknown</database>
	</source>
	<size>
		<width>1000</width>
		<height>1000</height>
		<depth>3</depth>
	</size>
	<segmented>0</segmented>
	<object>
		<name>pliers</name>
		<pose>Unspecified</pose>
		<truncated>0</truncated>
		<difficult>0</difficult>
		<bndbox>
			<xmin>5</xmin>
			<ymin>274</ymin>
			<xmax>997</xmax>
			<ymax>729</ymax>
		</bndbox>
	</object>
</annotation>
