<annotation>
	<folder>Pliers</folder>
	<filename>KN3821200.png</filename>
	<path>C:\Users\Kevin\Desktop\sentdexTensorflow\Images\Pliers\KN3821200.png</path>
	<source>
		<database>Unknown</database>
	</source>
	<size>
		<width>1055</width>
		<height>400</height>
		<depth>3</depth>
	</size>
	<segmented>0</segmented>
	<object>
		<name>pliers</name>
		<pose>Unspecified</pose>
		<truncated>0</truncated>
		<difficult>0</difficult>
		<bndbox>
			<xmin>39</xmin>
			<ymin>89</ymin>
			<xmax>1003</xmax>
			<ymax>325</ymax>
		</bndbox>
	</object>
</annotation>
