<annotation>
	<folder>Pliers</folder>
	<filename>knipex-30-13-160-long-nose-plier-6-1-4-in-serrated-g0176255-grey.jpg</filename>
	<path>C:\Users\Kevin\Desktop\sentdexTensorflow\Images\Pliers\knipex-30-13-160-long-nose-plier-6-1-4-in-serrated-g0176255-grey.jpg</path>
	<source>
		<database>Unknown</database>
	</source>
	<size>
		<width>164</width>
		<height>205</height>
		<depth>3</depth>
	</size>
	<segmented>0</segmented>
	<object>
		<name>pliers</name>
		<pose>Unspecified</pose>
		<truncated>1</truncated>
		<difficult>0</difficult>
		<bndbox>
			<xmin>1</xmin>
			<ymin>79</ymin>
			<xmax>163</xmax>
			<ymax>124</ymax>
		</bndbox>
	</object>
</annotation>
