<annotation>
	<folder>Pliers</folder>
	<filename>KNIPEX-Knipex-25-07-160-S1-Chain-Nose-Pliers-With-Cutter,-1000-Volt-Rated,-6.25-Inch-917256205.jpg</filename>
	<path>C:\Users\Kevin\Desktop\sentdexTensorflow\Images\Pliers\KNIPEX-Knipex-25-07-160-S1-Chain-Nose-Pliers-With-Cutter,-1000-Volt-Rated,-6.25-Inch-917256205.jpg</path>
	<source>
		<database>Unknown</database>
	</source>
	<size>
		<width>1063</width>
		<height>429</height>
		<depth>3</depth>
	</size>
	<segmented>0</segmented>
	<object>
		<name>pliers</name>
		<pose>Unspecified</pose>
		<truncated>0</truncated>
		<difficult>0</difficult>
		<bndbox>
			<xmin>21</xmin>
			<ymin>41</ymin>
			<xmax>1040</xmax>
			<ymax>391</ymax>
		</bndbox>
	</object>
</annotation>
