<annotation>
	<folder>Pliers</folder>
	<filename>knot_beading_pliers_med__33672.1293666757.285.375.jpg</filename>
	<path>C:\Users\Kevin\Desktop\sentdexTensorflow\Images\Pliers\knot_beading_pliers_med__33672.1293666757.285.375.jpg</path>
	<source>
		<database>Unknown</database>
	</source>
	<size>
		<width>285</width>
		<height>276</height>
		<depth>3</depth>
	</size>
	<segmented>0</segmented>
	<object>
		<name>pliers</name>
		<pose>Unspecified</pose>
		<truncated>0</truncated>
		<difficult>0</difficult>
		<bndbox>
			<xmin>63</xmin>
			<ymin>53</ymin>
			<xmax>274</xmax>
			<ymax>264</ymax>
		</bndbox>
	</object>
</annotation>
