<annotation>
	<folder>Pliers</folder>
	<filename>knpkn2611-8.jpg</filename>
	<path>C:\Users\Kevin\Desktop\sentdexTensorflow\Images\Pliers\knpkn2611-8.jpg</path>
	<source>
		<database>Unknown</database>
	</source>
	<size>
		<width>1000</width>
		<height>1000</height>
		<depth>3</depth>
	</size>
	<segmented>0</segmented>
	<object>
		<name>pliers</name>
		<pose>Unspecified</pose>
		<truncated>0</truncated>
		<difficult>0</difficult>
		<bndbox>
			<xmin>28</xmin>
			<ymin>400</ymin>
			<xmax>979</xmax>
			<ymax>594</ymax>
		</bndbox>
	</object>
</annotation>
