<annotation>
	<folder>Box Wrench</folder>
	<filename>KTI41172_1200Wx1200H.jpg</filename>
	<path>C:\Users\Kevin\Desktop\sentdexTensorflow\Images\Box Wrench\KTI41172_1200Wx1200H.jpg</path>
	<source>
		<database>Unknown</database>
	</source>
	<size>
		<width>1200</width>
		<height>1200</height>
		<depth>3</depth>
	</size>
	<segmented>0</segmented>
	<object>
		<name>wrench</name>
		<pose>Unspecified</pose>
		<truncated>0</truncated>
		<difficult>0</difficult>
		<bndbox>
			<xmin>8</xmin>
			<ymin>455</ymin>
			<xmax>1184</xmax>
			<ymax>916</ymax>
		</bndbox>
	</object>
</annotation>
