<annotation>
	<folder>Pliers</folder>
	<filename>Long-Nose-Pliers.jpg</filename>
	<path>C:\Users\Kevin\Desktop\sentdexTensorflow\Images\Pliers\Long-Nose-Pliers.jpg</path>
	<source>
		<database>Unknown</database>
	</source>
	<size>
		<width>997</width>
		<height>997</height>
		<depth>3</depth>
	</size>
	<segmented>0</segmented>
	<object>
		<name>pliers</name>
		<pose>Unspecified</pose>
		<truncated>0</truncated>
		<difficult>0</difficult>
		<bndbox>
			<xmin>29</xmin>
			<ymin>332</ymin>
			<xmax>968</xmax>
			<ymax>686</ymax>
		</bndbox>
	</object>
</annotation>
