<annotation>
	<folder>Pliers</folder>
	<filename>mm-tool-pl201.jpg</filename>
	<path>C:\Users\Kevin\Desktop\sentdexTensorflow\Images\Pliers\mm-tool-pl201.jpg</path>
	<source>
		<database>Unknown</database>
	</source>
	<size>
		<width>800</width>
		<height>800</height>
		<depth>3</depth>
	</size>
	<segmented>0</segmented>
	<object>
		<name>pliers</name>
		<pose>Unspecified</pose>
		<truncated>0</truncated>
		<difficult>0</difficult>
		<bndbox>
			<xmin>194</xmin>
			<ymin>7</ymin>
			<xmax>597</xmax>
			<ymax>792</ymax>
		</bndbox>
	</object>
</annotation>
