<annotation>
	<folder>Pliers</folder>
	<filename>mm-tool-pl100.jpg</filename>
	<path>C:\Users\Kevin\Desktop\sentdexTensorflow\Images\Pliers\mm-tool-pl100.jpg</path>
	<source>
		<database>Unknown</database>
	</source>
	<size>
		<width>800</width>
		<height>800</height>
		<depth>3</depth>
	</size>
	<segmented>0</segmented>
	<object>
		<name>pliers</name>
		<pose>Unspecified</pose>
		<truncated>0</truncated>
		<difficult>0</difficult>
		<bndbox>
			<xmin>171</xmin>
			<ymin>8</ymin>
			<xmax>651</xmax>
			<ymax>784</ymax>
		</bndbox>
	</object>
</annotation>
