<annotation>
	<folder>Pliers</folder>
	<filename>mWgThR-xZkyqyUpKHytlo_Q.jpg</filename>
	<path>C:\Users\Kevin\Desktop\sentdexTensorflow\Images\Pliers\mWgThR-xZkyqyUpKHytlo_Q.jpg</path>
	<source>
		<database>Unknown</database>
	</source>
	<size>
		<width>225</width>
		<height>225</height>
		<depth>3</depth>
	</size>
	<segmented>0</segmented>
	<object>
		<name>pliers</name>
		<pose>Unspecified</pose>
		<truncated>0</truncated>
		<difficult>0</difficult>
		<bndbox>
			<xmin>9</xmin>
			<ymin>87</ymin>
			<xmax>215</xmax>
			<ymax>139</ymax>
		</bndbox>
	</object>
</annotation>
