<annotation>
	<folder>Pliers</folder>
	<filename>Needle nose pliers.jpg</filename>
	<path>C:\Users\Kevin\Desktop\sentdexTensorflow\Images\Pliers\Needle nose pliers.jpg</path>
	<source>
		<database>Unknown</database>
	</source>
	<size>
		<width>720</width>
		<height>540</height>
		<depth>3</depth>
	</size>
	<segmented>0</segmented>
	<object>
		<name>pliers</name>
		<pose>Unspecified</pose>
		<truncated>0</truncated>
		<difficult>0</difficult>
		<bndbox>
			<xmin>77</xmin>
			<ymin>45</ymin>
			<xmax>639</xmax>
			<ymax>504</ymax>
		</bndbox>
	</object>
</annotation>
