<annotation>
	<folder>Pliers</folder>
	<filename>needle-nose-pliers.jpg</filename>
	<path>C:\Users\Kevin\Desktop\sentdexTensorflow\Images\Pliers\needle-nose-pliers.jpg</path>
	<source>
		<database>Unknown</database>
	</source>
	<size>
		<width>819</width>
		<height>810</height>
		<depth>3</depth>
	</size>
	<segmented>0</segmented>
	<object>
		<name>pliers</name>
		<pose>Unspecified</pose>
		<truncated>0</truncated>
		<difficult>0</difficult>
		<bndbox>
			<xmin>9</xmin>
			<ymin>106</ymin>
			<xmax>814</xmax>
			<ymax>789</ymax>
		</bndbox>
	</object>
</annotation>
