<annotation>
	<folder>Pliers</folder>
	<filename>NP-6_001.jpg</filename>
	<path>C:\Users\Kevin\Desktop\sentdexTensorflow\Images\Pliers\NP-6_001.jpg</path>
	<source>
		<database>Unknown</database>
	</source>
	<size>
		<width>900</width>
		<height>1296</height>
		<depth>3</depth>
	</size>
	<segmented>0</segmented>
	<object>
		<name>pliers</name>
		<pose>Unspecified</pose>
		<truncated>0</truncated>
		<difficult>0</difficult>
		<bndbox>
			<xmin>129</xmin>
			<ymin>108</ymin>
			<xmax>793</xmax>
			<ymax>1170</ymax>
		</bndbox>
	</object>
</annotation>
