<annotation>
	<folder>Pliers</folder>
	<filename>p4875tlbhi.jpg</filename>
	<path>C:\Users\Kevin\Desktop\sentdexTensorflow\Images\Pliers\p4875tlbhi.jpg</path>
	<source>
		<database>Unknown</database>
	</source>
	<size>
		<width>1200</width>
		<height>1200</height>
		<depth>3</depth>
	</size>
	<segmented>0</segmented>
	<object>
		<name>pliers</name>
		<pose>Unspecified</pose>
		<truncated>0</truncated>
		<difficult>0</difficult>
		<bndbox>
			<xmin>50</xmin>
			<ymin>191</ymin>
			<xmax>1182</xmax>
			<ymax>1016</ymax>
		</bndbox>
	</object>
</annotation>
