<annotation>
	<folder>Pliers</folder>
	<filename>PL177__86999_zoom.jpg</filename>
	<path>C:\Users\Kevin\Desktop\sentdexTensorflow\Images\Pliers\PL177__86999_zoom.jpg</path>
	<source>
		<database>Unknown</database>
	</source>
	<size>
		<width>1011</width>
		<height>958</height>
		<depth>3</depth>
	</size>
	<segmented>0</segmented>
	<object>
		<name>pliers</name>
		<pose>Unspecified</pose>
		<truncated>0</truncated>
		<difficult>0</difficult>
		<bndbox>
			<xmin>43</xmin>
			<ymin>13</ymin>
			<xmax>999</xmax>
			<ymax>946</ymax>
		</bndbox>
	</object>
</annotation>
