<annotation>
	<folder>redo</folder>
	<filename>Platinum-Tools-6-in-1-screwdriver.jpg</filename>
	<path>C:\Users\Kevin\Desktop\sentdexTensorflow\Images\train\redo\Platinum-Tools-6-in-1-screwdriver.jpg</path>
	<source>
		<database>Unknown</database>
	</source>
	<size>
		<width>900</width>
		<height>600</height>
		<depth>3</depth>
	</size>
	<segmented>0</segmented>
	<object>
		<name>screwdriver</name>
		<pose>Unspecified</pose>
		<truncated>0</truncated>
		<difficult>0</difficult>
		<bndbox>
			<xmin>8</xmin>
			<ymin>157</ymin>
			<xmax>886</xmax>
			<ymax>416</ymax>
		</bndbox>
	</object>
</annotation>
