<annotation>
	<folder>Pliers</folder>
	<filename>Pliers_ribbed.jpg</filename>
	<path>C:\Users\Kevin\Desktop\sentdexTensorflow\Images\Pliers\Pliers_ribbed.jpg</path>
	<source>
		<database>Unknown</database>
	</source>
	<size>
		<width>1000</width>
		<height>750</height>
		<depth>3</depth>
	</size>
	<segmented>0</segmented>
	<object>
		<name>pliers</name>
		<pose>Unspecified</pose>
		<truncated>0</truncated>
		<difficult>0</difficult>
		<bndbox>
			<xmin>38</xmin>
			<ymin>108</ymin>
			<xmax>991</xmax>
			<ymax>691</ymax>
		</bndbox>
	</object>
</annotation>
