<annotation>
	<folder>Pliers</folder>
	<filename>Pliers1a.png</filename>
	<path>C:\Users\Kevin\Desktop\sentdexTensorflow\Images\Pliers\Pliers1a.png</path>
	<source>
		<database>Unknown</database>
	</source>
	<size>
		<width>1588</width>
		<height>400</height>
		<depth>3</depth>
	</size>
	<segmented>0</segmented>
	<object>
		<name>pliers</name>
		<pose>Unspecified</pose>
		<truncated>0</truncated>
		<difficult>0</difficult>
		<bndbox>
			<xmin>82</xmin>
			<ymin>6</ymin>
			<xmax>1506</xmax>
			<ymax>399</ymax>
		</bndbox>
	</object>
</annotation>
