<annotation>
	<folder>Pliers</folder>
	<filename>pliers-1031968_960_720.jpg</filename>
	<path>C:\Users\Kevin\Desktop\sentdexTensorflow\Images\Pliers\pliers-1031968_960_720.jpg</path>
	<source>
		<database>Unknown</database>
	</source>
	<size>
		<width>960</width>
		<height>452</height>
		<depth>3</depth>
	</size>
	<segmented>0</segmented>
	<object>
		<name>pliers</name>
		<pose>Unspecified</pose>
		<truncated>0</truncated>
		<difficult>0</difficult>
		<bndbox>
			<xmin>90</xmin>
			<ymin>127</ymin>
			<xmax>912</xmax>
			<ymax>382</ymax>
		</bndbox>
	</object>
</annotation>
