<annotation>
	<folder>Screwdriver</folder>
	<filename>Pozi-screwdriver.jpg</filename>
	<path>C:\Users\Kevin\Desktop\sentdexTensorflow\Images\Screwdriver\Pozi-screwdriver.jpg</path>
	<source>
		<database>Unknown</database>
	</source>
	<size>
		<width>1000</width>
		<height>1000</height>
		<depth>3</depth>
	</size>
	<segmented>0</segmented>
	<object>
		<name>screwdriver</name>
		<pose>Unspecified</pose>
		<truncated>0</truncated>
		<difficult>0</difficult>
		<bndbox>
			<xmin>38</xmin>
			<ymin>364</ymin>
			<xmax>950</xmax>
			<ymax>572</ymax>
		</bndbox>
	</object>
</annotation>
