<annotation>
	<folder>redo</folder>
	<filename>prod_12224338412.png</filename>
	<path>C:\Users\Kevin\Desktop\sentdexTensorflow\Images\train\redo\prod_12224338412.png</path>
	<source>
		<database>Unknown</database>
	</source>
	<size>
		<width>900</width>
		<height>900</height>
		<depth>3</depth>
	</size>
	<segmented>0</segmented>
	<object>
		<name>wrench</name>
		<pose>Unspecified</pose>
		<truncated>0</truncated>
		<difficult>0</difficult>
		<bndbox>
			<xmin>98</xmin>
			<ymin>136</ymin>
			<xmax>786</xmax>
			<ymax>788</ymax>
		</bndbox>
	</object>
</annotation>
