<annotation>
	<folder>Box Wrench</folder>
	<filename>prod_1852416412.jpg</filename>
	<path>C:\Users\Kevin\Desktop\sentdexTensorflow\Images\Box Wrench\prod_1852416412.jpg</path>
	<source>
		<database>Unknown</database>
	</source>
	<size>
		<width>245</width>
		<height>245</height>
		<depth>3</depth>
	</size>
	<segmented>0</segmented>
	<object>
		<name>wrench</name>
		<pose>Unspecified</pose>
		<truncated>0</truncated>
		<difficult>0</difficult>
		<bndbox>
			<xmin>38</xmin>
			<ymin>27</ymin>
			<xmax>215</xmax>
			<ymax>203</ymax>
		</bndbox>
	</object>
</annotation>
