<annotation>
	<folder>Box Wrench</folder>
	<filename>Proto-Spline-I-Beam-Ratcheting-Wrench.jpg</filename>
	<path>C:\Users\Kevin\Desktop\sentdexTensorflow\Images\Box Wrench\Proto-Spline-I-Beam-Ratcheting-Wrench.jpg</path>
	<source>
		<database>Unknown</database>
	</source>
	<size>
		<width>550</width>
		<height>334</height>
		<depth>3</depth>
	</size>
	<segmented>0</segmented>
	<object>
		<name>wrench</name>
		<pose>Unspecified</pose>
		<truncated>1</truncated>
		<difficult>0</difficult>
		<bndbox>
			<xmin>1</xmin>
			<ymin>2</ymin>
			<xmax>545</xmax>
			<ymax>332</ymax>
		</bndbox>
	</object>
</annotation>
