<annotation>
	<folder>Box Wrench</folder>
	<filename>proto_db1618_1126_wrench_la_pebble_size_f_cropped_inset.jpg</filename>
	<path>C:\Users\Kevin\Desktop\sentdexTensorflow\Images\Box Wrench\proto_db1618_1126_wrench_la_pebble_size_f_cropped_inset.jpg</path>
	<source>
		<database>Unknown</database>
	</source>
	<size>
		<width>1470</width>
		<height>618</height>
		<depth>3</depth>
	</size>
	<segmented>0</segmented>
	<object>
		<name>wrench</name>
		<pose>Unspecified</pose>
		<truncated>0</truncated>
		<difficult>0</difficult>
		<bndbox>
			<xmin>13</xmin>
			<ymin>32</ymin>
			<xmax>1459</xmax>
			<ymax>213</ymax>
		</bndbox>
	</object>
	<object>
		<name>wrench</name>
		<pose>Unspecified</pose>
		<truncated>0</truncated>
		<difficult>0</difficult>
		<bndbox>
			<xmin>14</xmin>
			<ymin>240</ymin>
			<xmax>1449</xmax>
			<ymax>492</ymax>
		</bndbox>
	</object>
</annotation>
