<annotation>
	<folder>Pliers</folder>
	<filename>QeOXQMrkAoGLneVQ.jpg</filename>
	<path>C:\Users\Kevin\Desktop\sentdexTensorflow\Images\Pliers\QeOXQMrkAoGLneVQ.jpg</path>
	<source>
		<database>Unknown</database>
	</source>
	<size>
		<width>600</width>
		<height>600</height>
		<depth>3</depth>
	</size>
	<segmented>0</segmented>
	<object>
		<name>pliers</name>
		<pose>Unspecified</pose>
		<truncated>0</truncated>
		<difficult>0</difficult>
		<bndbox>
			<xmin>4</xmin>
			<ymin>91</ymin>
			<xmax>592</xmax>
			<ymax>502</ymax>
		</bndbox>
	</object>
</annotation>
