<annotation>
	<folder>Pliers</folder>
	<filename>S0442.jpg</filename>
	<path>C:\Users\Kevin\Desktop\sentdexTensorflow\Images\Pliers\S0442.jpg</path>
	<source>
		<database>Unknown</database>
	</source>
	<size>
		<width>1181</width>
		<height>775</height>
		<depth>3</depth>
	</size>
	<segmented>0</segmented>
	<object>
		<name>pliers</name>
		<pose>Unspecified</pose>
		<truncated>0</truncated>
		<difficult>0</difficult>
		<bndbox>
			<xmin>35</xmin>
			<ymin>35</ymin>
			<xmax>1133</xmax>
			<ymax>740</ymax>
		</bndbox>
	</object>
</annotation>
