<annotation>
	<folder>Pliers</folder>
	<filename>S50-9196P01WL.jpg</filename>
	<path>C:\Users\Kevin\Desktop\sentdexTensorflow\Images\Pliers\S50-9196P01WL.jpg</path>
	<source>
		<database>Unknown</database>
	</source>
	<size>
		<width>600</width>
		<height>600</height>
		<depth>3</depth>
	</size>
	<segmented>0</segmented>
	<object>
		<name>pliers</name>
		<pose>Unspecified</pose>
		<truncated>0</truncated>
		<difficult>0</difficult>
		<bndbox>
			<xmin>26</xmin>
			<ymin>12</ymin>
			<xmax>577</xmax>
			<ymax>580</ymax>
		</bndbox>
	</object>
</annotation>
