<annotation>
	<folder>Box Wrench</folder>
	<filename>sc01234-snap-on-oex20-5-8-combination-wrench.jpg</filename>
	<path>C:\Users\Kevin\Desktop\sentdexTensorflow\Images\Box Wrench\sc01234-snap-on-oex20-5-8-combination-wrench.jpg</path>
	<source>
		<database>Unknown</database>
	</source>
	<size>
		<width>1280</width>
		<height>860</height>
		<depth>3</depth>
	</size>
	<segmented>0</segmented>
	<object>
		<name>wrench</name>
		<pose>Unspecified</pose>
		<truncated>0</truncated>
		<difficult>0</difficult>
		<bndbox>
			<xmin>71</xmin>
			<ymin>72</ymin>
			<xmax>1186</xmax>
			<ymax>787</ymax>
		</bndbox>
	</object>
</annotation>
