<annotation>
	<folder>Screwdriver</folder>
	<filename>screwdriver-33634_960_720.png</filename>
	<path>C:\Users\Kevin\Desktop\sentdexTensorflow\Images\Screwdriver\screwdriver-33634_960_720.png</path>
	<source>
		<database>Unknown</database>
	</source>
	<size>
		<width>747</width>
		<height>720</height>
		<depth>3</depth>
	</size>
	<segmented>0</segmented>
	<object>
		<name>screwdriver</name>
		<pose>Unspecified</pose>
		<truncated>1</truncated>
		<difficult>0</difficult>
		<bndbox>
			<xmin>1</xmin>
			<ymin>1</ymin>
			<xmax>737</xmax>
			<ymax>703</ymax>
		</bndbox>
	</object>
</annotation>
