<annotation>
	<folder>redo</folder>
	<filename>Screw_Driver_display.jpg</filename>
	<path>C:\Users\Kevin\Desktop\sentdexTensorflow\Images\train\redo\Screw_Driver_display.jpg</path>
	<source>
		<database>Unknown</database>
	</source>
	<size>
		<width>1188</width>
		<height>426</height>
		<depth>3</depth>
	</size>
	<segmented>0</segmented>
	<object>
		<name>screwdriver</name>
		<pose>Unspecified</pose>
		<truncated>0</truncated>
		<difficult>0</difficult>
		<bndbox>
			<xmin>157</xmin>
			<ymin>92</ymin>
			<xmax>1007</xmax>
			<ymax>390</ymax>
		</bndbox>
	</object>
</annotation>
