<annotation>
	<folder>redo</folder>
	<filename>screwdriver.png</filename>
	<path>C:\Users\Kevin\Desktop\sentdexTensorflow\Images\train\redo\screwdriver.png</path>
	<source>
		<database>Unknown</database>
	</source>
	<size>
		<width>840</width>
		<height>525</height>
		<depth>3</depth>
	</size>
	<segmented>0</segmented>
	<object>
		<name>screwdriver</name>
		<pose>Unspecified</pose>
		<truncated>0</truncated>
		<difficult>0</difficult>
		<bndbox>
			<xmin>19</xmin>
			<ymin>38</ymin>
			<xmax>804</xmax>
			<ymax>493</ymax>
		</bndbox>
	</object>
</annotation>
