<annotation>
	<folder>Screwdriver</folder>
	<filename>screwdrivers-302_geschliffen.jpg</filename>
	<path>C:\Users\Kevin\Desktop\sentdexTensorflow\Images\Screwdriver\screwdrivers-302_geschliffen.jpg</path>
	<source>
		<database>Unknown</database>
	</source>
	<size>
		<width>860</width>
		<height>320</height>
		<depth>3</depth>
	</size>
	<segmented>0</segmented>
	<object>
		<name>screwdriver</name>
		<pose>Unspecified</pose>
		<truncated>0</truncated>
		<difficult>0</difficult>
		<bndbox>
			<xmin>57</xmin>
			<ymin>124</ymin>
			<xmax>793</xmax>
			<ymax>237</ymax>
		</bndbox>
	</object>
</annotation>
