<annotation>
	<folder>Screwdriver</folder>
	<filename>screwdriver__enlarged.jpg</filename>
	<path>C:\Users\Kevin\Desktop\sentdexTensorflow\Images\Screwdriver\screwdriver__enlarged.jpg</path>
	<source>
		<database>Unknown</database>
	</source>
	<size>
		<width>480</width>
		<height>416</height>
		<depth>3</depth>
	</size>
	<segmented>0</segmented>
	<object>
		<name>screwdriver</name>
		<pose>Unspecified</pose>
		<truncated>0</truncated>
		<difficult>0</difficult>
		<bndbox>
			<xmin>12</xmin>
			<ymin>121</ymin>
			<xmax>472</xmax>
			<ymax>257</ymax>
		</bndbox>
	</object>
</annotation>
