<annotation>
	<folder>Screwdriver</folder>
	<filename>Screwdrivers-Hex-Allen-Keys-Wickes-10mm-Soft-Grip-Slotted-Screwdriver-250mm_T3274_167307_00.jpg</filename>
	<path>C:\Users\Kevin\Desktop\sentdexTensorflow\Images\Screwdriver\Screwdrivers-Hex-Allen-Keys-Wickes-10mm-Soft-Grip-Slotted-Screwdriver-250mm_T3274_167307_00.jpg</path>
	<source>
		<database>Unknown</database>
	</source>
	<size>
		<width>515</width>
		<height>515</height>
		<depth>3</depth>
	</size>
	<segmented>0</segmented>
	<object>
		<name>screwdriver</name>
		<pose>Unspecified</pose>
		<truncated>1</truncated>
		<difficult>0</difficult>
		<bndbox>
			<xmin>1</xmin>
			<ymin>154</ymin>
			<xmax>514</xmax>
			<ymax>366</ymax>
		</bndbox>
	</object>
</annotation>
