<annotation>
	<folder>redo</folder>
	<filename>screwdriver-flat-56a056d65f9b58eba4aff0cf.jpg</filename>
	<path>C:\Users\Kevin\Desktop\sentdexTensorflow\Images\train\redo\screwdriver-flat-56a056d65f9b58eba4aff0cf.jpg</path>
	<source>
		<database>Unknown</database>
	</source>
	<size>
		<width>1487</width>
		<height>957</height>
		<depth>3</depth>
	</size>
	<segmented>0</segmented>
	<object>
		<name>screwdriver</name>
		<pose>Unspecified</pose>
		<truncated>0</truncated>
		<difficult>0</difficult>
		<bndbox>
			<xmin>159</xmin>
			<ymin>100</ymin>
			<xmax>1369</xmax>
			<ymax>818</ymax>
		</bndbox>
	</object>
</annotation>
