<annotation>
	<folder>Screwdriver</folder>
	<filename>Screwdrivers1c.png</filename>
	<path>C:\Users\Kevin\Desktop\sentdexTensorflow\Images\Screwdriver\Screwdrivers1c.png</path>
	<source>
		<database>Unknown</database>
	</source>
	<size>
		<width>1600</width>
		<height>300</height>
		<depth>3</depth>
	</size>
	<segmented>0</segmented>
	<object>
		<name>screwdriver</name>
		<pose>Unspecified</pose>
		<truncated>0</truncated>
		<difficult>0</difficult>
		<bndbox>
			<xmin>128</xmin>
			<ymin>43</ymin>
			<xmax>1482</xmax>
			<ymax>251</ymax>
		</bndbox>
	</object>
</annotation>
