<annotation>
	<folder>Screwdriver</folder>
	<filename>screwdriver-01.jpg</filename>
	<path>C:\Users\Kevin\Desktop\sentdexTensorflow\Images\Screwdriver\screwdriver-01.jpg</path>
	<source>
		<database>Unknown</database>
	</source>
	<size>
		<width>1024</width>
		<height>768</height>
		<depth>3</depth>
	</size>
	<segmented>0</segmented>
	<object>
		<name>screwdriver</name>
		<pose>Unspecified</pose>
		<truncated>0</truncated>
		<difficult>0</difficult>
		<bndbox>
			<xmin>70</xmin>
			<ymin>147</ymin>
			<xmax>913</xmax>
			<ymax>623</ymax>
		</bndbox>
	</object>
</annotation>
