<annotation>
	<folder>Screwdriver</folder>
	<filename>screwdrivers-362IP.jpg</filename>
	<path>C:\Users\Kevin\Desktop\sentdexTensorflow\Images\Screwdriver\screwdrivers-362IP.jpg</path>
	<source>
		<database>Unknown</database>
	</source>
	<size>
		<width>860</width>
		<height>320</height>
		<depth>3</depth>
	</size>
	<segmented>0</segmented>
	<object>
		<name>screwdriver</name>
		<pose>Unspecified</pose>
		<truncated>0</truncated>
		<difficult>0</difficult>
		<bndbox>
			<xmin>68</xmin>
			<ymin>120</ymin>
			<xmax>797</xmax>
			<ymax>270</ymax>
		</bndbox>
	</object>
</annotation>
