<annotation>
	<folder>Screwdriver</folder>
	<filename>SD-61_01.jpg</filename>
	<path>C:\Users\Kevin\Desktop\sentdexTensorflow\Images\Screwdriver\SD-61_01.jpg</path>
	<source>
		<database>Unknown</database>
	</source>
	<size>
		<width>885</width>
		<height>706</height>
		<depth>3</depth>
	</size>
	<segmented>0</segmented>
	<object>
		<name>screwdriver</name>
		<pose>Unspecified</pose>
		<truncated>0</truncated>
		<difficult>0</difficult>
		<bndbox>
			<xmin>373</xmin>
			<ymin>50</ymin>
			<xmax>511</xmax>
			<ymax>661</ymax>
		</bndbox>
	</object>
</annotation>
