<annotation>
	<folder>Screwdriver</folder>
	<filename>SDDROB42R.jpg</filename>
	<path>C:\Users\Kevin\Desktop\sentdexTensorflow\Images\Screwdriver\SDDROB42R.jpg</path>
	<source>
		<database>Unknown</database>
	</source>
	<size>
		<width>500</width>
		<height>266</height>
		<depth>3</depth>
	</size>
	<segmented>0</segmented>
	<object>
		<name>screwdriver</name>
		<pose>Unspecified</pose>
		<truncated>0</truncated>
		<difficult>0</difficult>
		<bndbox>
			<xmin>13</xmin>
			<ymin>34</ymin>
			<xmax>479</xmax>
			<ymax>214</ymax>
		</bndbox>
	</object>
</annotation>
