<annotation>
	<folder>Screwdriver</folder>
	<filename>Security-Screwdriver.jpg</filename>
	<path>C:\Users\Kevin\Desktop\sentdexTensorflow\Images\Screwdriver\Security-Screwdriver.jpg</path>
	<source>
		<database>Unknown</database>
	</source>
	<size>
		<width>300</width>
		<height>300</height>
		<depth>3</depth>
	</size>
	<segmented>0</segmented>
	<object>
		<name>screwdriver</name>
		<pose>Unspecified</pose>
		<truncated>0</truncated>
		<difficult>0</difficult>
		<bndbox>
			<xmin>57</xmin>
			<ymin>5</ymin>
			<xmax>210</xmax>
			<ymax>296</ymax>
		</bndbox>
	</object>
</annotation>
