<annotation>
	<folder>Box Wrench</folder>
	<filename>Spear-type-Double-open-end-wrench-JIS.jpg</filename>
	<path>C:\Users\Kevin\Desktop\sentdexTensorflow\Images\Box Wrench\Spear-type-Double-open-end-wrench-JIS.jpg</path>
	<source>
		<database>Unknown</database>
	</source>
	<size>
		<width>800</width>
		<height>462</height>
		<depth>3</depth>
	</size>
	<segmented>0</segmented>
	<object>
		<name>wrench</name>
		<pose>Unspecified</pose>
		<truncated>0</truncated>
		<difficult>0</difficult>
		<bndbox>
			<xmin>47</xmin>
			<ymin>72</ymin>
			<xmax>743</xmax>
			<ymax>402</ymax>
		</bndbox>
	</object>
</annotation>
