<annotation>
	<folder>Box Wrench</folder>
	<filename>spin_prod_206283201.jpg</filename>
	<path>C:\Users\Kevin\Desktop\sentdexTensorflow\Images\Box Wrench\spin_prod_206283201.jpg</path>
	<source>
		<database>Unknown</database>
	</source>
	<size>
		<width>640</width>
		<height>640</height>
		<depth>3</depth>
	</size>
	<segmented>0</segmented>
	<object>
		<name>wrench</name>
		<pose>Unspecified</pose>
		<truncated>0</truncated>
		<difficult>0</difficult>
		<bndbox>
			<xmin>24</xmin>
			<ymin>31</ymin>
			<xmax>629</xmax>
			<ymax>632</ymax>
		</bndbox>
	</object>
</annotation>
