<annotation>
	<folder>redo</folder>
	<filename>spin_prod_222284701.jpg</filename>
	<path>C:\Users\Kevin\Desktop\sentdexTensorflow\Images\train\redo\spin_prod_222284701.jpg</path>
	<source>
		<database>Unknown</database>
	</source>
	<size>
		<width>1050</width>
		<height>384</height>
		<depth>3</depth>
	</size>
	<segmented>0</segmented>
	<object>
		<name>wrench</name>
		<pose>Unspecified</pose>
		<truncated>0</truncated>
		<difficult>0</difficult>
		<bndbox>
			<xmin>42</xmin>
			<ymin>51</ymin>
			<xmax>988</xmax>
			<ymax>328</ymax>
		</bndbox>
	</object>
</annotation>
