<annotation>
	<folder>redo</folder>
	<filename>spin_prod_211014401.jpg</filename>
	<path>C:\Users\Kevin\Desktop\sentdexTensorflow\Images\train\redo\spin_prod_211014401.jpg</path>
	<source>
		<database>Unknown</database>
	</source>
	<size>
		<width>1050</width>
		<height>750</height>
		<depth>3</depth>
	</size>
	<segmented>0</segmented>
	<object>
		<name>wrench</name>
		<pose>Unspecified</pose>
		<truncated>0</truncated>
		<difficult>0</difficult>
		<bndbox>
			<xmin>38</xmin>
			<ymin>289</ymin>
			<xmax>1029</xmax>
			<ymax>449</ymax>
		</bndbox>
	</object>
</annotation>
