<annotation>
	<folder>Pliers</folder>
	<filename>spin_prod_220872701.jpg</filename>
	<path>C:\Users\Kevin\Desktop\sentdexTensorflow\Images\Pliers\spin_prod_220872701.jpg</path>
	<source>
		<database>Unknown</database>
	</source>
	<size>
		<width>1129</width>
		<height>1129</height>
		<depth>3</depth>
	</size>
	<segmented>0</segmented>
	<object>
		<name>pliers</name>
		<pose>Unspecified</pose>
		<truncated>0</truncated>
		<difficult>0</difficult>
		<bndbox>
			<xmin>44</xmin>
			<ymin>378</ymin>
			<xmax>1101</xmax>
			<ymax>668</ymax>
		</bndbox>
	</object>
</annotation>
