<annotation>
	<folder>redo</folder>
	<filename>spin_prod_1123612112.jpg</filename>
	<path>C:\Users\Kevin\Desktop\sentdexTensorflow\Images\train\redo\spin_prod_1123612112.jpg</path>
	<source>
		<database>Unknown</database>
	</source>
	<size>
		<width>1089</width>
		<height>800</height>
		<depth>3</depth>
	</size>
	<segmented>0</segmented>
	<object>
		<name>pliers</name>
		<pose>Unspecified</pose>
		<truncated>0</truncated>
		<difficult>0</difficult>
		<bndbox>
			<xmin>3</xmin>
			<ymin>115</ymin>
			<xmax>1084</xmax>
			<ymax>589</ymax>
		</bndbox>
	</object>
</annotation>
