<annotation>
	<folder>Box Wrench</folder>
	<filename>spin_prod_210923801.jpg</filename>
	<path>C:\Users\Kevin\Desktop\sentdexTensorflow\Images\Box Wrench\spin_prod_210923801.jpg</path>
	<source>
		<database>Unknown</database>
	</source>
	<size>
		<width>1500</width>
		<height>1500</height>
		<depth>3</depth>
	</size>
	<segmented>0</segmented>
	<object>
		<name>wrench</name>
		<pose>Unspecified</pose>
		<truncated>0</truncated>
		<difficult>0</difficult>
		<bndbox>
			<xmin>58</xmin>
			<ymin>626</ymin>
			<xmax>1448</xmax>
			<ymax>857</ymax>
		</bndbox>
	</object>
</annotation>
