<annotation>
	<folder>redo</folder>
	<filename>spin_prod_1198400812.jpg</filename>
	<path>C:\Users\Kevin\Desktop\sentdexTensorflow\Images\train\redo\spin_prod_1198400812.jpg</path>
	<source>
		<database>Unknown</database>
	</source>
	<size>
		<width>935</width>
		<height>935</height>
		<depth>3</depth>
	</size>
	<segmented>0</segmented>
	<object>
		<name>screwdriver</name>
		<pose>Unspecified</pose>
		<truncated>0</truncated>
		<difficult>0</difficult>
		<bndbox>
			<xmin>3</xmin>
			<ymin>335</ymin>
			<xmax>927</xmax>
			<ymax>540</ymax>
		</bndbox>
	</object>
</annotation>
