<annotation>
	<folder>redo</folder>
	<filename>spin_prod_243981801.jpg</filename>
	<path>C:\Users\Kevin\Desktop\sentdexTensorflow\Images\train\redo\spin_prod_243981801.jpg</path>
	<source>
		<database>Unknown</database>
	</source>
	<size>
		<width>1050</width>
		<height>1050</height>
		<depth>3</depth>
	</size>
	<segmented>0</segmented>
	<object>
		<name>wrench</name>
		<pose>Unspecified</pose>
		<truncated>0</truncated>
		<difficult>0</difficult>
		<bndbox>
			<xmin>67</xmin>
			<ymin>438</ymin>
			<xmax>985</xmax>
			<ymax>618</ymax>
		</bndbox>
	</object>
</annotation>
