<annotation>
	<folder>redo</folder>
	<filename>STA-0-65-012-1.jpg</filename>
	<path>C:\Users\Kevin\Desktop\sentdexTensorflow\Images\train\redo\STA-0-65-012-1.jpg</path>
	<source>
		<database>Unknown</database>
	</source>
	<size>
		<width>600</width>
		<height>600</height>
		<depth>3</depth>
	</size>
	<segmented>0</segmented>
	<object>
		<name>screwdriver</name>
		<pose>Unspecified</pose>
		<truncated>0</truncated>
		<difficult>0</difficult>
		<bndbox>
			<xmin>149</xmin>
			<ymin>71</ymin>
			<xmax>420</xmax>
			<ymax>547</ymax>
		</bndbox>
	</object>
</annotation>
