<annotation>
	<folder>redo</folder>
	<filename>standard-combination-wrench-fractional.jpg</filename>
	<path>C:\Users\Kevin\Desktop\sentdexTensorflow\Images\train\redo\standard-combination-wrench-fractional.jpg</path>
	<source>
		<database>Unknown</database>
	</source>
	<size>
		<width>600</width>
		<height>600</height>
		<depth>3</depth>
	</size>
	<segmented>0</segmented>
	<object>
		<name>wrench</name>
		<pose>Unspecified</pose>
		<truncated>0</truncated>
		<difficult>0</difficult>
		<bndbox>
			<xmin>15</xmin>
			<ymin>158</ymin>
			<xmax>105</xmax>
			<ymax>590</ymax>
		</bndbox>
	</object>
	<object>
		<name>wrench</name>
		<pose>Unspecified</pose>
		<truncated>0</truncated>
		<difficult>0</difficult>
		<bndbox>
			<xmin>104</xmin>
			<ymin>131</ymin>
			<xmax>181</xmax>
			<ymax>593</ymax>
		</bndbox>
	</object>
	<object>
		<name>wrench</name>
		<pose>Unspecified</pose>
		<truncated>0</truncated>
		<difficult>0</difficult>
		<bndbox>
			<xmin>184</xmin>
			<ymin>105</ymin>
			<xmax>275</xmax>
			<ymax>593</ymax>
		</bndbox>
	</object>
	<object>
		<name>wrench</name>
		<pose>Unspecified</pose>
		<truncated>0</truncated>
		<difficult>0</difficult>
		<bndbox>
			<xmin>277</xmin>
			<ymin>77</ymin>
			<xmax>373</xmax>
			<ymax>589</ymax>
		</bndbox>
	</object>
	<object>
		<name>wrench</name>
		<pose>Unspecified</pose>
		<truncated>0</truncated>
		<difficult>0</difficult>
		<bndbox>
			<xmin>377</xmin>
			<ymin>36</ymin>
			<xmax>493</xmax>
			<ymax>586</ymax>
		</bndbox>
	</object>
	<object>
		<name>wrench</name>
		<pose>Unspecified</pose>
		<truncated>0</truncated>
		<difficult>0</difficult>
		<bndbox>
			<xmin>486</xmin>
			<ymin>11</ymin>
			<xmax>590</xmax>
			<ymax>588</ymax>
		</bndbox>
	</object>
</annotation>
