<annotation>
	<folder>Screwdriver</folder>
	<filename>t10.jpg</filename>
	<path>C:\Users\Kevin\Desktop\sentdexTensorflow\Images\Screwdriver\t10.jpg</path>
	<source>
		<database>Unknown</database>
	</source>
	<size>
		<width>1302</width>
		<height>1302</height>
		<depth>3</depth>
	</size>
	<segmented>0</segmented>
	<object>
		<name>screwdriver</name>
		<pose>Unspecified</pose>
		<truncated>0</truncated>
		<difficult>0</difficult>
		<bndbox>
			<xmin>50</xmin>
			<ymin>225</ymin>
			<xmax>1282</xmax>
			<ymax>1100</ymax>
		</bndbox>
	</object>
</annotation>
