<annotation>
	<folder>redo</folder>
	<filename>t6.jpg</filename>
	<path>C:\Users\Kevin\Desktop\sentdexTensorflow\Images\train\redo\t6.jpg</path>
	<source>
		<database>Unknown</database>
	</source>
	<size>
		<width>651</width>
		<height>651</height>
		<depth>3</depth>
	</size>
	<segmented>0</segmented>
	<object>
		<name>screwdriver</name>
		<pose>Unspecified</pose>
		<truncated>0</truncated>
		<difficult>0</difficult>
		<bndbox>
			<xmin>26</xmin>
			<ymin>46</ymin>
			<xmax>621</xmax>
			<ymax>621</ymax>
		</bndbox>
	</object>
</annotation>
