<annotation>
	<folder>Screwdriver</folder>
	<filename>TorxScrewAUZ.jpg</filename>
	<path>C:\Users\Kevin\Desktop\sentdexTensorflow\Images\Screwdriver\TorxScrewAUZ.jpg</path>
	<source>
		<database>Unknown</database>
	</source>
	<size>
		<width>1100</width>
		<height>1100</height>
		<depth>3</depth>
	</size>
	<segmented>0</segmented>
	<object>
		<name>screwdriver</name>
		<pose>Unspecified</pose>
		<truncated>0</truncated>
		<difficult>0</difficult>
		<bndbox>
			<xmin>97</xmin>
			<ymin>74</ymin>
			<xmax>1066</xmax>
			<ymax>1078</ymax>
		</bndbox>
	</object>
</annotation>
