<annotation>
	<folder>Box Wrench</folder>
	<filename>TTN-12516__1.jpg</filename>
	<path>C:\Users\Kevin\Desktop\sentdexTensorflow\Images\Box Wrench\TTN-12516__1.jpg</path>
	<source>
		<database>Unknown</database>
	</source>
	<size>
		<width>900</width>
		<height>900</height>
		<depth>3</depth>
	</size>
	<segmented>0</segmented>
	<object>
		<name>wrench</name>
		<pose>Unspecified</pose>
		<truncated>0</truncated>
		<difficult>0</difficult>
		<bndbox>
			<xmin>97</xmin>
			<ymin>204</ymin>
			<xmax>808</xmax>
			<ymax>686</ymax>
		</bndbox>
	</object>
</annotation>
