<annotation>
	<folder>Screwdriver</folder>
	<filename>urrea-phillips-head-screwdrivers-9689-64_1000.jpg</filename>
	<path>C:\Users\Kevin\Desktop\sentdexTensorflow\Images\Screwdriver\urrea-phillips-head-screwdrivers-9689-64_1000.jpg</path>
	<source>
		<database>Unknown</database>
	</source>
	<size>
		<width>1000</width>
		<height>1000</height>
		<depth>3</depth>
	</size>
	<segmented>0</segmented>
	<object>
		<name>screwdriver</name>
		<pose>Unspecified</pose>
		<truncated>0</truncated>
		<difficult>0</difficult>
		<bndbox>
			<xmin>23</xmin>
			<ymin>26</ymin>
			<xmax>979</xmax>
			<ymax>974</ymax>
		</bndbox>
	</object>
</annotation>
