<annotation>
	<folder>Box Wrench</folder>
	<filename>VS24B.jpg</filename>
	<path>C:\Users\Kevin\Desktop\sentdexTensorflow\Images\Box Wrench\VS24B.jpg</path>
	<source>
		<database>Unknown</database>
	</source>
	<size>
		<width>500</width>
		<height>164</height>
		<depth>3</depth>
	</size>
	<segmented>0</segmented>
	<object>
		<name>wrench</name>
		<pose>Unspecified</pose>
		<truncated>0</truncated>
		<difficult>0</difficult>
		<bndbox>
			<xmin>7</xmin>
			<ymin>3</ymin>
			<xmax>469</xmax>
			<ymax>159</ymax>
		</bndbox>
	</object>
</annotation>
