<annotation>
	<folder>Box Wrench</folder>
	<filename>Wera-Joker-Wrench.jpg</filename>
	<path>C:\Users\Kevin\Desktop\sentdexTensorflow\Images\Box Wrench\Wera-Joker-Wrench.jpg</path>
	<source>
		<database>Unknown</database>
	</source>
	<size>
		<width>550</width>
		<height>260</height>
		<depth>3</depth>
	</size>
	<segmented>0</segmented>
	<object>
		<name>wrench</name>
		<pose>Unspecified</pose>
		<truncated>0</truncated>
		<difficult>0</difficult>
		<bndbox>
			<xmin>5</xmin>
			<ymin>3</ymin>
			<xmax>549</xmax>
			<ymax>253</ymax>
		</bndbox>
	</object>
</annotation>
