<annotation>
	<folder>Screwdriver</folder>
	<filename>WIHA QUALITY TOOLS-56114_30205_DV_WebXL.jpg</filename>
	<path>C:\Users\Kevin\Desktop\sentdexTensorflow\Images\Screwdriver\WIHA QUALITY TOOLS-56114_30205_DV_WebXL.jpg</path>
	<source>
		<database>Unknown</database>
	</source>
	<size>
		<width>800</width>
		<height>800</height>
		<depth>3</depth>
	</size>
	<segmented>0</segmented>
	<object>
		<name>screwdriver</name>
		<pose>Unspecified</pose>
		<truncated>1</truncated>
		<difficult>0</difficult>
		<bndbox>
			<xmin>12</xmin>
			<ymin>1</ymin>
			<xmax>774</xmax>
			<ymax>792</ymax>
		</bndbox>
	</object>
</annotation>
