<annotation>
	<folder>Box Wrench</folder>
	<filename>wiha-56114_40035_DV_WebXL.jpg</filename>
	<path>C:\Users\Kevin\Desktop\sentdexTensorflow\Images\Box Wrench\wiha-56114_40035_DV_WebXL.jpg</path>
	<source>
		<database>Unknown</database>
	</source>
	<size>
		<width>800</width>
		<height>800</height>
		<depth>3</depth>
	</size>
	<segmented>0</segmented>
	<object>
		<name>wrench</name>
		<pose>Unspecified</pose>
		<truncated>0</truncated>
		<difficult>0</difficult>
		<bndbox>
			<xmin>76</xmin>
			<ymin>62</ymin>
			<xmax>724</xmax>
			<ymax>722</ymax>
		</bndbox>
	</object>
</annotation>
