<annotation>
	<folder>Box Wrench</folder>
	<filename>WR003760__92920.1485553640.jpg</filename>
	<path>C:\Users\Kevin\Desktop\sentdexTensorflow\Images\Box Wrench\WR003760__92920.1485553640.jpg</path>
	<source>
		<database>Unknown</database>
	</source>
	<size>
		<width>1280</width>
		<height>1280</height>
		<depth>3</depth>
	</size>
	<segmented>0</segmented>
	<object>
		<name>wrench</name>
		<pose>Unspecified</pose>
		<truncated>0</truncated>
		<difficult>0</difficult>
		<bndbox>
			<xmin>13</xmin>
			<ymin>530</ymin>
			<xmax>1268</xmax>
			<ymax>737</ymax>
		</bndbox>
	</object>
</annotation>
