<annotation>
	<folder>Box Wrench</folder>
	<filename>wrench-508605_960_720.jpg</filename>
	<path>C:\Users\Kevin\Desktop\sentdexTensorflow\Images\Box Wrench\wrench-508605_960_720.jpg</path>
	<source>
		<database>Unknown</database>
	</source>
	<size>
		<width>960</width>
		<height>720</height>
		<depth>3</depth>
	</size>
	<segmented>0</segmented>
	<object>
		<name>wrench</name>
		<pose>Unspecified</pose>
		<truncated>0</truncated>
		<difficult>0</difficult>
		<bndbox>
			<xmin>45</xmin>
			<ymin>114</ymin>
			<xmax>854</xmax>
			<ymax>588</ymax>
		</bndbox>
	</object>
</annotation>
