<annotation>
	<folder>Box Wrench</folder>
	<filename>Wrenches-Maxi_Combination_Wrenches-MAXI_COMBINATION_WRENCHES-MAXI_COMBINATION_WRENCHES.png</filename>
	<path>C:\Users\Kevin\Desktop\sentdexTensorflow\Images\Box Wrench\Wrenches-Maxi_Combination_Wrenches-MAXI_COMBINATION_WRENCHES-MAXI_COMBINATION_WRENCHES.png</path>
	<source>
		<database>Unknown</database>
	</source>
	<size>
		<width>945</width>
		<height>394</height>
		<depth>3</depth>
	</size>
	<segmented>0</segmented>
	<object>
		<name>wrench</name>
		<pose>Unspecified</pose>
		<truncated>0</truncated>
		<difficult>0</difficult>
		<bndbox>
			<xmin>43</xmin>
			<ymin>119</ymin>
			<xmax>896</xmax>
			<ymax>281</ymax>
		</bndbox>
	</object>
</annotation>
