<annotation>
	<folder>Box Wrench</folder>
	<filename>wrench-01.jpg</filename>
	<path>C:\Users\Kevin\Desktop\sentdexTensorflow\Images\Box Wrench\wrench-01.jpg</path>
	<source>
		<database>Unknown</database>
	</source>
	<size>
		<width>1024</width>
		<height>768</height>
		<depth>3</depth>
	</size>
	<segmented>0</segmented>
	<object>
		<name>wrench</name>
		<pose>Unspecified</pose>
		<truncated>0</truncated>
		<difficult>0</difficult>
		<bndbox>
			<xmin>72</xmin>
			<ymin>100</ymin>
			<xmax>960</xmax>
			<ymax>643</ymax>
		</bndbox>
	</object>
</annotation>
