<annotation>
	<folder>redo</folder>
	<filename>wrench_PNG3117.png</filename>
	<path>C:\Users\Kevin\Desktop\sentdexTensorflow\Images\train\redo\wrench_PNG3117.png</path>
	<source>
		<database>Unknown</database>
	</source>
	<size>
		<width>850</width>
		<height>925</height>
		<depth>3</depth>
	</size>
	<segmented>0</segmented>
	<object>
		<name>wrench</name>
		<pose>Unspecified</pose>
		<truncated>1</truncated>
		<difficult>0</difficult>
		<bndbox>
			<xmin>1</xmin>
			<ymin>1</ymin>
			<xmax>850</xmax>
			<ymax>925</ymax>
		</bndbox>
	</object>
</annotation>
