<annotation>
	<folder>Screwdriver</folder>
	<filename>xymsGUBoCsGEXdDw.jpg</filename>
	<path>C:\Users\Kevin\Desktop\sentdexTensorflow\Images\Screwdriver\xymsGUBoCsGEXdDw.jpg</path>
	<source>
		<database>Unknown</database>
	</source>
	<size>
		<width>600</width>
		<height>600</height>
		<depth>3</depth>
	</size>
	<segmented>0</segmented>
	<object>
		<name>screwdriver</name>
		<pose>Unspecified</pose>
		<truncated>0</truncated>
		<difficult>0</difficult>
		<bndbox>
			<xmin>35</xmin>
			<ymin>208</ymin>
			<xmax>556</xmax>
			<ymax>400</ymax>
		</bndbox>
	</object>
</annotation>
