<annotation>
	<folder>redo</folder>
	<filename>ziX5MA5BT.jpg</filename>
	<path>C:\Users\Kevin\Desktop\sentdexTensorflow\Images\train\redo\ziX5MA5BT.jpg</path>
	<source>
		<database>Unknown</database>
	</source>
	<size>
		<width>917</width>
		<height>675</height>
		<depth>3</depth>
	</size>
	<segmented>0</segmented>
	<object>
		<name>wrench</name>
		<pose>Unspecified</pose>
		<truncated>0</truncated>
		<difficult>0</difficult>
		<bndbox>
			<xmin>71</xmin>
			<ymin>71</ymin>
			<xmax>837</xmax>
			<ymax>603</ymax>
		</bndbox>
	</object>
</annotation>
